prediction,target
0.031217413912831764,0
0.017279938769924626,0
0.10592476982387763,0
0.5868739380009405,0
0.9220186506078214,1
0.7679857856375317,0
0.7836511096296017,1
0.006172446095331391,0
0.0163800905166215,0
0.024985238958024698,1
0.16312197987781446,0
0.890359118292754,1
0.6051104046343699,0
0.7507904534051922,1
0.0867481514844374,0
0.23919552921565038,1
0.051530458170530355,0
0.05018608542203107,0
0.8505325555594092,1
0.522331595226082,1
0.06401710690688114,0
0.010991456393916212,0
0.012041014015599814,0
0.07278007199405989,0
0.2179483811330154,0
0.007351226145602814,0
0.05518489656065055,0
0.05569551776239749,0
0.05214609804687764,0
0.09745697092372571,0
0.17080418215040177,0
0.13098515011444842,0
0.8528363660374387,0
0.35377072361840656,1
0.2705975606489084,1
0.7747843805274928,1
0.8087312875379219,1
0.8742854944817984,1
0.023542294100088613,0
0.7549399170471089,1
0.8123330838109772,1
0.8910483272014362,1
0.8872200869241167,1
0.00972569862041726,0
0.14144216468298781,0
0.030339507550257543,0
0.01737248255366216,0
0.9743360355312106,1
0.09534965779263246,0
0.44812754278590716,1
0.10217991454209811,0
0.10673988933185093,0
0.3373502243079015,1
0.5470010558996036,0
0.8851872734000862,1
0.09409683462413157,0
0.9105708902407669,1
0.031132989270134276,0
0.024302802558454732,0
0.90346752803871,1
0.6250476432735953,1
0.14656226208733036,0
0.20878103820552427,0
0.5652113037672605,1
0.553233483180897,1
0.9166612790260119,1
0.028559322096855782,0
0.7277571252414667,1
0.35661524497416847,1
0.14494940062092693,0
0.09603250962212859,0
0.32890017342363975,1
0.21249423422703878,0
0.1588658015979083,1
0.5885215132558269,0
0.036285871463206276,0
0.807772296975393,1
0.08578889496409865,0
0.7955398449331051,1
0.7239314741671771,1
0.7747610953316584,1
0.9449158724551877,1
0.4303323980805832,1
0.7831788618780444,0
0.20646112363912011,0
0.48983331642765526,0
0.0665303633381645,0
0.029898003247991755,0
0.9462645357022408,1
0.05323391854944746,0
0.06491182188011152,0
0.05001485008726617,0
0.8611232731872771,1
0.157887895817782,0
0.6324625887185418,1
0.010969876024867495,0
0.03763608606249179,0
0.019525012811709777,0
0.9720169156284362,1
0.01976636554841335,0
0.8350584001627389,1
0.13970707830667237,1
0.05572865880210005,0
0.3149133632873014,1
0.013273643864180926,0
0.9775211440122954,1
0.25675955688467833,1
0.9537712138524512,1
0.028248128771434834,0
0.014815497297370783,0
0.6407606867161506,1
0.5301982472279081,0
0.6276479235923318,1
0.10153859154345701,0
0.5339573331372232,1
0.06360916490949065,0
0.5145727753140334,0
0.9463337462872781,1
0.02146254215554639,0
0.027200540383311617,0
0.02302358592816673,0
0.05143367604690687,0
0.1501792092820923,0
0.11543829540566712,0
0.16813067640859886,1
0.02127645154013425,0
0.08585617927655538,0
0.9202854422202167,1
0.10454505396129847,0
0.311589246910344,0
0.6769395677915846,1
0.015637973269427313,0
0.9776287007827987,1
0.9144562968062884,1
0.9120295218690215,1
0.07933367286681212,0
0.017490408992585672,0
0.07282483969232113,0
0.022900468266678402,0
0.6925844764464409,1
0.12694241183467458,0
0.6201907354202525,0
0.1534883824951885,0
0.3261950657107119,0
0.7753018128384566,1
0.030106100972001698,0
0.39753836157581657,1
0.05955491384140602,0
0.005900533351017452,0
0.38349513615961867,1
0.031432004794149655,0
0.9517455707311757,1
0.041947604569492106,0
0.017220294641831668,0
0.7783027668082986,0
0.6561716529647011,1
0.9440188599534155,1
0.5755265477845436,1
0.1413061801958286,1
0.0514765767881178,0
0.0113146953013763,0
0.06067041347758786,0
0.7389497367669853,1
0.4026974008849356,1
0.7551903998831762,1
0.023869956785904964,0
0.85510507580685,0
0.49642152957543517,0
0.7025979827499961,0
0.2498571726111709,0
0.9079359033804998,1
0.7051556461549898,1
0.7299504213413128,1
0.13795755770218468,0
0.32041873359823997,0
0.1297470852686004,1
0.061278849092646304,0
0.023401115459503068,0
0.4297894375958908,0
0.04170028139119514,1
0.2901349591048759,1
0.12526135027545646,0
0.305776391685997,0
0.06252957713378779,0
0.8464594973147996,1
0.7861241816392117,1
0.011780636511385703,0
0.0638198163713841,0
0.33381719191951176,0
0.16103178070491375,0
0.021557679361032894,0
0.6156775554723455,1
0.9453556253487708,1
0.2811332949683146,1
0.36613498616428247,0
0.04043016504379777,0
0.04740100454532399,0
0.011316955678872937,0
0.038465948795364274,0
0.62532463115329,1
0.11026386900984886,0
0.08003808091877414,0
0.22670281010093052,1
0.21393732314408073,0
0.6795567764033248,1
0.7975908364550357,1
0.9784175683528741,1
0.01380036104484266,0
0.01037575261734258,0
0.04116511872212138,0
0.020022633654091865,0
0.01819568135583205,0
0.8941532148577617,1
0.43262560134608297,0
0.06415322896814296,0
0.057589916710343816,0
0.0656130874278143,0
0.012407539360983296,0
0.031071234347087057,0
0.04034488891520886,0
0.17400574241651004,0
0.14643166751802528,0
0.7424159902389682,1
0.49703229523695275,0
0.2444851562784068,0
0.06694143312039082,0
0.46230904349784047,0
0.2864857217305118,0
0.2295754201426751,0
0.5546409919626992,1
0.5991020753740186,1
0.03815937672211972,0
0.04186743027358739,0
0.022875585086952786,0
0.9492014088942602,1
0.8618508359593429,1
0.6033054141301178,1
0.10801318194488926,1
0.8213447382065822,1
0.4764613025237302,0
0.012534416789758437,0
0.04712099563143788,0
0.7890292183084451,1
0.9254284478838146,1
0.7533336893122888,0
0.021478853462448506,0
0.04489963362806005,0
0.895394306141051,0
0.07494822119403796,0
0.7253758331303202,1
0.025252150266932866,0
0.13488534425524296,0
0.019318066984902467,0
0.09035427807213259,0
0.5644347927448257,0
0.2919211123308566,0
0.918130159903655,1
0.8310036544962566,1
0.7312355398480215,1
0.2732393022054482,1
0.04332848497900775,0
0.19687518428227402,0
0.01932634191670262,0
0.11778642703056941,0
0.36622748904089997,0
0.8824028253468914,1
0.833231516958851,0
0.7229830226706284,0
0.9762448682099425,1
0.04962737803365573,0
0.5936184587705274,1
0.02884536275579398,0
0.02552879567954878,0
0.9123504726034548,0
0.7433712725038377,1
0.01375260167307198,0
0.11460896059408299,0
0.5062774856128844,1
0.029380041541968792,0
0.5549897608145844,1
0.046298403117288674,0
0.45182048247381335,0
0.011577655954037046,0
0.00569869853701219,0
0.3609893411004402,1
0.7363063751644755,1
0.8540572807008926,1
0.532860241797763,0
0.8282623863782659,1
0.9451094592011478,1
0.029938830478869118,0
0.7137833424287605,1
0.01197968848883752,0
0.22453386451881424,1
0.8620017452023525,1
0.9183916490650601,1
0.9383778293105938,1
0.715415961197662,1
0.8991768555799817,1
0.7934174676448447,1
0.4816598626238804,1
0.678041014877063,1
0.9709783700371748,1
0.07132496014858287,0
0.9650039627866116,1
0.9744913662430275,1
0.13349978971734064,0
0.09166198830161529,0
0.3380248065321668,1
0.08426102150469097,0
0.8391855530394032,1
0.7396398383825332,1
0.13710448317033977,0
0.0540646874171493,0
0.2898025617136423,1
0.3032686214026211,1
0.8762148988240257,1
0.4392430923317712,1
0.7330392323287602,1
0.1711882545949264,0
0.1631144175491795,0
0.8389178780935229,0
0.38068713082408967,0
0.5407414699704995,0
0.9187198388777962,1
0.018232507492087924,0
0.022877525235798488,0
0.8363555018625775,1
0.3985165398899125,0
0.07000588838413316,0
0.03705266332335542,0
0.5033723596620392,0
0.34435570810540106,1
0.035502393159930014,0
0.020347741862579805,0
0.030390234506118264,0
0.12522443203522815,0
0.8950336669046098,1
0.029817132788404095,0
0.006842411159103728,0
0.017264919558580137,0
0.5475860016257961,0
0.9772565922829031,1
0.3960910670517717,0
0.8845567025986268,1
0.8948232825614595,1
0.23287644019723341,0
0.2864481560146903,1
0.3224350364299246,0
0.8922281069126529,1
0.01139976463021666,0
0.07780670945428392,0
0.009520731019716615,0
0.20297516495393983,0
0.7721813068486877,1
0.024739984442840757,0
0.027362444798981866,0
0.010269924155036435,0
0.8142483583816091,1
0.7355878081334707,1
0.13296222805189048,1
0.163643832460591,0
0.20549858197694296,1
0.021928501708541697,0
0.515795703060326,0
0.9357585534870244,1
0.5506682007241288,1
0.006749242641626551,0
0.8869867412378897,0
0.5441774070923089,1
0.5709427340597747,1
0.02357812146192453,0
0.5587555466575891,1
0.6775736867645537,1
0.022956188623220443,0
0.05405437845995572,0
0.1829596897918108,0
0.009520886441129138,0
0.9634456139239116,1
0.04481934615573306,0
0.09752632048853213,1
0.01265548356805699,0
0.6306520861296396,0
0.016400768864320812,0
0.962779021982705,1
0.013607879486437453,0
0.6735251152051561,0
0.045176945566700086,0
0.1298649248582485,0
0.03348783400331046,0
0.8634613978345987,1
0.7435733250042492,1
0.041103922865001655,0
0.6251092017321074,1
0.03341753830182047,0
0.03116916726222462,0
0.08592472851629138,0
0.015729588053302795,0
0.022079208429085766,0
0.012891600500447955,0
0.04161552328909753,0
0.33551790309933727,1
0.8584684108897195,1
0.02654755136773656,0
0.764334522379081,0
0.5570496721949643,1
0.014178078053224347,0
0.06282410321083438,0
0.12152688286972199,0
0.044738418542971,0
0.5813079390909791,0
0.027591248758535202,0
0.024633396651342815,0
0.03356730335477371,0
0.4349801783370494,0
0.03593729601356921,0
0.6268786671073412,1
0.046691338268331196,0
0.9821301782974302,1
0.6503189509746415,0
0.06216944589475511,0
0.41435390333724786,1
0.7384782963248501,1
0.9403981456520872,1
0.39885707605288184,0
0.9154359428904539,1
0.0237894159685234,0
0.1371013826624004,0
0.026616841374472615,0
0.6286421643505802,1
0.7541258015636909,0
0.059716139986234686,0
0.4774692215186893,1
0.028632862579736545,0
0.01321185780524765,0
0.011360654116353031,0
0.31014170812112885,0
0.6996448665023498,1
0.009866003130630355,0
0.9136532736234738,1
0.3817801565646842,1
0.43107202304276704,0
0.8883188832412279,1
0.08831763793515504,0
0.01030974895804941,0
0.07176883734532866,0
0.9780022825816672,1
0.027682288667557876,0
0.920916310474051,1
0.7248411188377297,0
0.08386326193528774,1
0.027746170616910266,0
0.0657878890004973,0
0.9207503596018738,1
0.18160617035262966,0
0.0267833387223212,0
0.12164850358286876,0
0.20416371995922492,1
0.8969941937400405,1
0.14875243084443646,0
0.32845859522090926,0
0.033046894587187556,0
0.03808219623520281,0
0.057115651787581524,0
0.30071287030931904,0
0.7876922046852062,1
0.9376558565897568,0
0.009236534957132407,0
0.8276311316801375,0
0.03267662788797917,0
0.316585792177388,0
0.3470080863329996,1
0.325849277832608,0
0.14377627450401018,0
0.12482980050652608,0
0.5161711402040823,1
0.9395914719156145,1
0.10054664951994634,0
0.3331711650307304,0
0.1887812612860373,0
0.01818234958665472,0
0.15871517440723432,1
0.06347346289591882,0
0.020712305035666064,0
0.9401930022240604,1
0.9088475606870657,0
0.06651088051913097,0
0.0391944402424705,0
0.6462844085992008,0
0.09544955368157786,0
0.10012571489263396,0
0.09260347019284756,0
0.830927769377103,1
0.9145275333122204,1
0.6980696018009951,0
0.9464439587100506,1
0.012330602032761212,0
0.2337096801246703,1
0.9183567573500246,1
0.012564973985578173,0
0.9042089579895872,1
0.7478856909841888,1
0.21246065821411086,1
0.3188679742816523,0
0.4337224509697829,0
0.7118162940464179,1
0.10808437073753756,0
0.4849815984535809,1
0.006352864924088893,0
0.010310625304937268,0
0.27773551989914913,0
0.3053392311985143,0
0.8536095074339535,1
0.015281070437498868,0
0.13463103621072076,0
0.9501652854095743,1
0.16792638874739657,0
0.07862959085597379,0
0.9458640404732206,1
0.45352491724924915,0
0.9152155653552944,1
0.01691897738465596,0
0.8845343328448314,1
0.9027934068054962,1
0.08880942394040571,0
0.03337074058162288,0
0.1209918142671595,1
0.4488205834234592,0
0.8826633311832047,1
0.8978578648880762,1
0.5684660616856252,0
0.8990515025509718,1
0.050093949574499655,0
0.02809625494787693,0
0.004699225089478148,0
0.035127402847913596,0
0.12227667493484692,0
0.9247904954362497,1
0.05250907623448235,0
0.6653727799053061,1
0.48867517688149115,1
0.3999374762538636,0
0.10673988933185093,0
0.2612634338492296,0
0.0129620076937042,0
0.09551774528443943,0
0.10683767835432205,0
0.771890798459643,1
0.4547755111994071,1
0.617915453730826,1
0.884681376337686,1
0.9039015752561227,1
0.10489882694892669,0
0.16323917447258204,1
0.1290904487642491,0
0.19623858038155653,0
0.033803042029938044,0
0.14324092403978272,0
0.9594817468440384,1
0.9163917097754378,1
0.6487655909565717,0
0.8797849340164385,1
0.02709810010332066,0
0.09081899095247821,0
0.5515228972185617,1
0.10140712635981948,0
0.021826306011192634,0
0.910967713119704,1
0.0907441275774625,1
0.12767642678731833,0
0.08935827837032426,0
0.26554380561410584,1
0.05930501417300558,0
0.005893703080745339,0
0.21327490625602055,0
0.05081862308540007,0
0.917919810249834,1
0.11370642402013778,1
0.007854422371930191,0
0.02582704489862169,0
0.031941422144157496,0
0.1264965423931,0
0.011343972960022458,0
0.0808593661866086,0
0.3056264247123532,0
0.0439543052688366,0
0.028480681961749372,0
0.32329255154033165,0
0.8070632237234501,0
0.809159946084546,0
0.5402778597104302,1
0.32851304983348417,0
0.9529648707304995,1
0.4372290451858518,0
0.13344776411493176,0
0.02926463894082944,0
0.8034590745946975,1
0.03202967043699169,0
0.6398215389626534,1
0.709071985223,0
0.9199243163142071,1
0.030358268335914644,0
0.12406441922560904,0
0.776198595963383,1
0.6655212965391878,1
0.14717631794924274,0
0.04030537095104543,0
0.539176298931376,0
0.04339676600619055,0
0.15065429024463067,0
0.7467853257177703,1
0.022891403553722763,0
0.9003476368963884,1
0.9316131712822585,1
0.18586494174242724,0
0.12847039670094818,0
0.08214536652025047,1
0.0616709077879551,0
0.028021811859718793,0
0.8886143000355895,0
0.03155506632333259,0
0.025719569865190854,0
0.023860308391444558,0
0.2016161084745875,0
0.02722227951820142,0
0.9646875703053718,1
0.013370115782714447,0
0.08870498289735639,0
0.5115666898731993,1
0.5713637682036928,1
0.036014506922051145,0
0.08280608780398883,0
0.012687277186065868,0
0.9516849719734418,1
0.037294875766720414,0
0.0695417198959856,0
0.5537923843250302,1
0.2887172234338654,1
0.5127145792840023,0
0.8364122657050415,1
0.39659796655999324,0
0.2587410085694095,0
0.8654957383744819,1
0.08677386197829538,0
0.11353786738235212,1
0.013977237149086413,0
0.3610561353493617,0
0.31632104776641345,1
0.9553793358083114,1
0.797220034424308,1
0.9494188567445401,1
0.8656204108076558,1
0.07029651797546557,0
0.7505167614117133,0
0.38102016188153454,0
0.022400194862935697,0
0.051224401515187236,0
0.010753849378664224,0
0.7567688377634709,1
0.7497013961338373,1
0.2105202397718476,0
0.210636201028752,0
0.6908626809271335,1
0.10504793784695265,0
0.7454870017770225,1
0.5272902838900168,1
0.414420905899635,1
0.4478355441908505,0
0.5514345315345879,1
0.8539200098255592,1
0.9499958025358671,0
0.6790895869072713,1
0.22711391243217535,0
0.4315357027052328,1
0.0752314746057327,0
0.10582185125558954,0
0.9020124177762087,1
0.025294567797199026,0
0.7756614796300074,1
0.04301085359020894,0
0.022907185855320443,0
0.32293641641351556,0
0.020090060650884485,0
0.5248038119890671,0
0.4223429784723459,0
0.07067456455415948,1
0.8946486512318202,1
0.042320030294385955,0
0.030685614698516227,0
0.15371101714678223,0
0.30505727857126425,0
0.2823188754173134,0
0.8915528229001175,1
0.27864357147394064,0
0.8579470484590125,1
0.17812015392736874,0
0.02877563501219168,0
0.025285036793509453,0
0.2858660660275436,1
0.09339321936768394,0
0.8734019770026803,1
0.00859731956666679,0
0.2855737259879215,1
0.0782456495054713,0
0.20712531916843274,0
0.3259571819122536,0
0.018122078497579994,0
0.9143944516369217,1
0.8084963483522903,1
0.9437626730581489,1
0.25233978006655666,1
0.7024878697165075,1
0.9272590939943809,1
0.5194420570482301,0
0.5564428709767127,1
0.19665249335116838,0
0.23594736359259497,1
0.06825758889065398,0
0.02556852441024554,0
0.01369397632303842,0
0.04655581913639501,0
0.05547589410879901,0
0.9349561445748631,0
0.5237400337484789,0
0.05201040948303446,0
0.006847102392506348,0
0.7823841054134919,0
0.8116361102897066,1
0.2317768024235481,0
0.056241603827845876,0
0.10200738857771012,0
0.009343283431074125,0
0.8059673662576674,1
0.4099803061430177,1
0.532525018361693,1
0.03932787315009955,1
0.026313359140719545,0
0.08708572936662554,0
0.012105879187887688,0
0.861687173567107,1
0.0663831454618738,0
0.8140930896601034,0
0.2209477732832596,0
0.49466385912132677,1
0.8128866506507919,1
0.9720156857434474,1
0.045565684665644646,0
0.4316369278273851,1
0.025748914837303218,0
0.014062800226438696,0
0.6763291793210946,1
0.687106732167458,1
0.6700295315115438,1
0.9392082628080486,1
0.2039041462332051,0
0.1025885388199373,1
0.027109862633068464,0
0.9154759738689211,0
0.8302166569646605,1
0.028603022606771816,0
0.9754799165796048,1
0.6525478964953347,1
0.7201049237709458,1
0.021492962434852998,0
0.019396289345446373,0
0.4900989055206882,0
0.5760155675671961,1
0.09352679510922556,0
0.36360737271175536,0
0.2160294425946833,0
0.9251459703065233,1
0.4480091184826266,1
0.0771139166064425,0
0.6676852516459182,1
0.8209677560320644,1
0.041497228257244986,0
0.9528830467480004,1
0.19825832154777326,0
0.9093081102587774,1
0.7492944768309027,1
0.034059665236069896,0
0.893352637779911,1
0.42226710022224256,0
0.9550450926065104,1
0.4271038415789142,1
0.4805154465044277,1
0.21859436111806985,0
0.055299419030118036,0
0.8905816958796884,1
0.0423914785720582,0
0.11839753660328382,0
0.12402775740137524,0
0.015143466114146242,0
0.8350472778786919,1
0.04074489584343742,0
0.11624916881851086,0
0.9447999825806441,1
0.3516831928916594,0
0.16038271231914922,0
0.5056850371801875,0
0.9358414605012051,1
0.7323248511271032,1
0.05912057929878822,0
0.1731253717641434,0
0.23829902916843437,0
0.9231502671829223,1
0.9766128264033874,1
0.029375799016433408,0
0.5774643248012958,1
0.5022697604421336,0
0.36942669687035773,1
0.09628994027876894,0
0.21000691836896213,0
0.8709150786424222,1
0.04313244118167693,0
0.07048054455790839,0
0.8719112261950771,1
0.21238809019147223,0
0.025789335791268124,0
0.018917221181027045,0
0.02944477331107736,0
0.031436135816131874,0
0.062173785921216404,0
0.026233391988185955,0
0.7572068900939452,1
0.027122474748943283,0
0.12899082323570923,0
0.348226391282112,0
0.36918168436666166,0
0.0519862716011949,0
0.6151875016151502,1
0.5567933138506145,1
0.03071117773093602,0
0.3636051263957599,0
0.027551027779605764,0
0.27523186110952136,0
0.025299609196715554,0
0.10382602777375245,1
0.3909999959137397,1
0.18613547101168942,0
0.9610263961346848,1
0.5697848402147555,1
0.12892154880770373,0
0.267435776674375,1
0.024889326702032217,0
0.19639095357272135,0
0.04128939024195551,0
0.17909630428831563,0
0.010115560291229618,0
0.7958048566364171,1
0.9819420056363111,1
0.08631052253896461,0
0.42477270593360006,1
0.9504079231456727,1
0.015389062387061087,0
0.8292605482381129,1
0.48899308263844504,1
0.028361488560009463,0
0.01095971980356796,0
0.2829962842593297,0
0.12756202011629003,0
0.09336827738574192,0
0.7807289159134552,1
0.21254799031596922,0
0.011800204753751597,0
0.09459573750743906,0
0.569592998652029,0
0.08011269752867763,0
0.9690756592035303,1
0.65627190714118,1
0.005539720101919983,0
0.9288691515527701,1
0.015186442846634809,0
0.9506595352602222,1
0.5519484557985113,1
0.8841259896395297,1
0.10618545839675506,0
0.8412121618353465,1
0.696777156769116,0
0.32475073386340425,0
0.16632823806483604,0
0.25952467326721995,0
0.09142505077914907,0
0.1796799105249298,0
0.8165809901966888,1
0.037424369629433345,0
0.9287258251774905,0
0.4332832176849372,1
0.05777928897887765,0
0.6969180653934531,0
0.790182518204791,1
0.6516657824350102,1
0.9121620640814422,1
0.046805248403875774,0
0.43601675591096595,0
0.7066503504996652,0
0.9690335917428252,1
0.0859812954482713,0
0.05248343881988234,0
0.4593812057655088,1
0.8845639820925195,1
0.9361171957370041,1
0.8631178405297234,1
0.013960426638417376,0
0.287863688676903,0
0.08491809246048942,0
0.41963953438373974,0
0.0658686711432606,0
0.35882128390838186,0
0.32203379028386225,0
0.9372378268054062,1
0.2442532120714645,0
0.33570269439407896,1
0.0950253937554908,0
0.07422814938959124,0
0.013054647377551293,0
0.07139898159955564,1
0.9544649298668855,1
0.034335455615891776,0
0.033215090726170377,0
0.027234783982133404,0
0.06069753693958311,0
0.034545886256062905,0
0.2945450404206282,1
0.08904738398496001,1
0.6672804772234676,1
0.2725575158640711,0
0.0809058010708541,0
0.24149032939561602,0
0.9228944460568016,1
0.562203091250588,0
0.04583127929262422,0
0.604558064843131,0
0.005000930018905428,0
0.031138062109756125,0
0.034812118868952004,0
0.06561160874719575,0
0.0225499811676864,0
0.14303202964443482,0
0.7547935562460653,0
0.13007626103613212,0
0.647841230229538,1
0.062512415344026,0
0.14488376975660103,0
0.08324506841172828,0
0.019004893083881924,0
0.8837681558832818,1
0.009504767461187096,0
0.3983206578297319,1
0.027967268963835938,0
0.9799194427880552,1
0.05121761546909964,0
0.7983023689130622,1
0.8698348167810037,1
0.7747669948823346,0
0.5393367466295126,0
0.029650903787266224,0
0.9171873930168353,1
0.6566854243434361,0
0.6976184995494519,1
0.8661820380937136,1
0.553342321357328,1
0.44388961805130717,1
0.7230594498666667,1
0.12003494360941443,0
0.25628580662221656,0
0.015143754467979567,0
0.046333430241896185,0
0.8585850669249101,1
0.9265765478045935,1
0.9512287463594047,1
0.06981517153776969,0
0.11271324062991253,0
0.08642689559106309,0
0.4861704264323502,0
0.9059237831847975,1
0.01446379059484624,0
0.08513987356165935,0
0.052052107470224485,0
0.3661431075529148,1
0.7602489587119947,1
0.7158160770172238,1
0.20826278060257933,0
0.1391880370231327,0
0.8002430712270592,0
0.7639350537051739,1
0.8446072284165151,1
0.015292535452876385,0
0.05551097385550674,0
0.31149183811888304,0
0.6844198579962273,0
0.036568574283997686,0
0.0369056671094948,0
0.7955838319701464,1
0.1343463927255977,0
0.05169251089391449,0
0.27809077993976106,1
0.02376909010464003,0
0.03493997482943538,0
0.8431418704934982,1
0.33126931774550383,0
0.7463664303503962,1
0.33060314543206304,1
0.013323975293805449,0
0.16762825955492597,0
0.3209619192062941,0
0.04690742159331594,0
0.08385624921800845,0
0.03227942111715684,0
0.018066461649344587,0
0.15693897103471455,0
0.09104624726020796,0
0.0356650122255436,0
0.48811848657816476,1
0.20500919735798256,0
0.7691083694721912,1
0.642105025304273,0
0.48462004368231515,1
0.15161252040632875,0
0.18094740259723752,0
0.06244743721585897,1
0.01585115570203344,0
0.15332393384889914,0
0.03745138783033045,0
0.03861035424889159,0
0.011692054676762365,0
0.007052067139663459,0
0.902062223916341,1
0.16689806802086815,0
0.009775570345563697,0
0.6647808386990748,1
0.23419272089222704,0
0.07580938258201302,0
0.9240487504264598,1
0.025827673169976174,0
0.020371343367166,0
0.27560042249947136,1
0.18152942742184602,0
0.14563207721655475,0
0.7202138752567281,1
0.38384115757228093,0
0.03839293602267045,0
0.11201615357055668,0
0.7372726301169102,1
0.12401623922793004,0
0.7493484939485142,0
0.2376782130573401,0
0.9596458944640593,1
0.749256988015639,1
0.9088839694808346,1
0.8788601676361752,1
0.9532095743013892,1
0.13320103396040778,0
0.789864141052626,1
0.05014144617367178,0
0.039022073888415484,0
0.036509925717782124,0
0.09256676842268996,0
0.9283303095392759,1
0.059367029427296124,0
0.5988936838239811,1
0.030169744420755946,0
0.016411409682774714,0
0.4241623895938309,0
0.917979266190391,0
0.21819431362954492,0
0.4545895535831237,0
0.04764570248444746,0
0.2565210769131815,0
0.01852748828871572,0
0.1616486427157008,1
0.8981765035422156,1
0.21156601027128447,1
0.6923419434749282,0
0.03619832656041956,0
0.004413778611869418,0
0.976178664709289,1
0.6050470969613432,1
0.11296726433491015,0
0.07198720447026695,1
0.8864282827943626,1
0.04591523628984831,0
0.06880056369990022,0
0.2177967423272107,0
0.033098259649290855,0
0.4724215982004486,0
0.7853396070438184,1
0.8843570213010553,0
0.9316854645568787,0
0.6090595603112182,1
0.1614986065326806,0
0.9571592018995589,1
0.0720175223350795,0
0.04912634494945608,0
0.10005150163822371,0
0.093628597413744,0
0.8378938107717138,1
0.9519753552802298,1
0.8259540217669642,1
0.1287983151162736,0
0.8461717571797566,1
0.027645862973177376,0
0.5408910699955346,0
0.7543151564683092,1
0.030010051947690602,0
0.10399715121034456,0
0.693006915238724,1
0.009433704530757675,0
0.8677690989630623,1
0.13112815786635795,0
0.022808437869952944,0
0.31243086253707175,0
0.8411048527232274,1
0.14537813983351805,1
0.5020292605096411,0
0.08377123812743319,0
0.8862302891853723,1
0.06622455727247914,0
0.28279793783048685,0
0.03650907362655231,0
0.6165823983070179,1
0.010902865467506552,0
0.04396483385884216,0
0.19068801633845536,1
0.48483647947457165,1
0.9821192489473217,1
0.03632775456993774,0
0.026636521647406868,0
0.362911677928202,0
0.12740818166162077,0
0.671582097880203,1
0.0280480423655676,0
0.858766930637675,1
0.07949605097187076,0
0.03630677822656175,0
0.2661684177989646,1
0.024454339223779153,0
0.9318501455394784,1
0.16097289327009176,0
0.9647182988729492,1
0.8164084167706871,1
0.10814524112817014,0
0.018945846146341896,0
0.04329611953002329,0
0.9562412082558206,0
0.5315835217735462,1
0.20321691856788338,0
0.8704518712649119,1
0.15366485156322254,0
0.13986115674014366,0
0.03160331405192412,0
0.13892950929201137,0
0.10934483408977076,0
0.09780979064121945,0
0.0301511139905302,0
0.01657201733682593,0
0.8206854834782705,1
0.2928317307473651,0
0.44014946452146175,0
0.08342842196190445,0
0.2623132363982204,0
0.19072225505730375,1
0.7439965817312074,1
0.8498015365500875,0
0.06513133976295311,0
0.2718173134435568,0
0.362433315547915,1
0.18896176670650525,0
0.5955384205423739,0
0.01344666184072619,0
0.02752884627352979,0
0.12065643504292808,1
0.88692886467318,0
0.044444741914578804,0
0.35367885053149734,1
0.7712555278025982,0
0.0933214675741632,0
0.04114927272030223,0
0.05275575761792756,0
0.037378340243760605,0
0.6576609322143149,1
0.8046926352946343,0
0.011058322538167941,0
0.3670318067593735,0
0.1420502240042217,1
0.043840204518272426,0
0.18597533502964003,0
0.09035340742280658,1
0.15748242120742656,0
0.8595308576877863,0
0.30232858042065996,0
0.8560671801979097,1
0.014629342738389386,0
0.24648721612122126,0
0.05923533357744236,0
0.35288444648107,0
0.9354560913101361,1
0.29240103515322047,1
0.49526569980967333,1
0.03047602870289583,0
0.11839058573535315,0
0.8401927765671804,1
0.91986135631919,1
0.9127207002926291,1
0.29578069445999683,1
0.0208954528068518,0
0.056130491856705156,0
0.024213423862091257,0
0.25027175388161466,1
0.018502083582992816,0
0.036102932787418,0
0.5634981209407919,0
0.32654700235586603,0
0.635923147159027,1
0.7693837356902496,0
0.10027379166379483,0
0.07111981925544464,0
0.07501851546281808,0
0.09682462673151086,0
0.005230583788902213,0
0.8171804512156704,1
0.006279627795930677,0
0.007273124229244779,0
0.4391020926007728,1
0.8843455536805912,1
0.09214954380923782,0
0.8543985883188443,1
0.8977944971417633,1
0.5736387129420558,1
0.23626701505770856,0
0.1593191370322202,0
0.9003280172202887,1
0.17533758142258954,0
0.905641567405814,1
0.9410683525349846,1
0.0331963535702135,0
0.6525426512792073,1
0.8616953908823854,1
0.3614670545250419,0
0.0346683128331952,0
0.325849277832608,1
0.20402460325964836,0
0.6704759131110913,1
0.1809404453366003,0
0.2552658921153019,1
0.05012317456809275,0
0.11065499504825956,0
0.9713756963429552,1
0.019108538684765166,0
0.9477872682663788,1
0.047311941997057794,0
0.08960584258182125,0
0.1003375164138434,0
0.7614329701656027,0
0.6572685116460717,1
0.328534953159341,1
0.2769783924981354,1
0.9450032362583253,1
0.2819562807936412,0
0.9694295942201359,1
0.9373104832003645,1
0.898410919809395,0
0.029602246088119503,0
0.08462061442580607,0
0.01965373806223341,0
0.5463720289339444,0
0.4038016800480584,1
0.012002026401182577,0
0.39686242175677,0
0.928626052740845,1
0.09829836250394278,1
0.04188253627252467,0
0.8581704310597245,0
0.5207340690916018,0
0.01378438823118296,0
0.13456142606710803,0
0.03836956732739543,0
0.028760007774943603,0
0.42513613592622235,0
0.02319043802526878,0
0.5965118425294881,1
0.40459336539385965,0
0.7500788021315805,1
0.042593107910638445,0
0.020484077936552974,0
0.3904011874652301,0
0.15480861556798478,1
0.07880983050894383,0
0.10371819965681277,1
0.021969378704985852,0
0.8891038941887034,1
0.023781182701326,0
0.01649455822551919,0
0.8455490651173884,1
0.5566522824904706,0
0.01975048985846905,0
0.7698920366558206,0
0.5523620694109437,1
0.689817983887818,0
0.011176449781501393,0
0.30322928397645965,1
0.008249657986744555,0
0.6830059038000053,1
0.7563073641097303,1
0.8756675995564407,0
0.10013536754465387,0
0.04676164471136886,0
0.8958996749300662,1
0.04627057932747715,0
0.007784896324879423,0
0.6486781582476887,0
0.05220437332712515,0
0.1202629554967845,0
0.19048399017462958,0
0.9036484057529813,1
0.7961421407474889,1
0.015699567641217303,0
0.6936220752443012,0
0.05789079211587801,0
0.10103507746288325,0
0.05305273907788725,0
0.7411554896098318,1
0.9840454496824901,1
0.018565121897329177,0
0.009394868015127976,0
0.6679108595915155,1
0.02477414126609529,1
0.8248399214176093,1
0.1593098601917388,0
0.15456092485430298,0
0.6465539184982103,1
0.5803157963105083,1
0.018324380205527003,0
0.9351069895918538,1
0.8543735830227716,0
0.9640997070019676,1
0.026877067085810336,0
0.5564983713263228,1
0.0161207174562557,0
0.0332351586439075,0
0.3035205951868659,1
0.006059716203086428,0
0.005411120842321952,0
0.0846383800739938,0
0.021531544543430873,0
0.858592114815736,1
0.14159028511703978,0
0.5273170952993428,0
0.4583156387560997,1
0.899123320507748,0
0.4594998421163507,0
0.78502821384393,0
0.8564672764386632,1
0.43696215815289285,1
0.036225178633660655,0
0.9366563439885607,1
0.6694547885688059,1
0.963866352854688,1
0.9053138539635215,1
0.8181545224565662,1
0.010247835956361417,0
0.6205610378187902,1
0.15560850066178794,0
0.07788261192289098,0
0.8729766018151265,1
0.05829140882803856,0
0.7361391076351779,0
0.018611607213603897,0
0.10718062745635179,0
0.175976427614159,0
0.16184245894102942,0
0.024096206125211867,0
0.2719379063386918,0
0.5027222056770029,1
0.4483861353615768,1
0.48967132646048767,1
0.04909619199507743,0
0.6140666620630495,0
0.7460383297668451,1
0.4587224475274826,1
0.10345718574810663,0
0.15897663410016025,0
0.023357127072350492,1
0.024407377989036774,0
0.07519244829062226,0
0.9435442328070908,1
0.0773880722067148,0
0.8945211034770324,1
0.3161052860154965,0
0.7392333906018612,1
0.05956944084774353,0
0.8013561520202318,1
0.04780676639797235,0
0.9220211222701729,1
0.07132501589922188,0
0.10303597713461884,0
0.3914352842804326,1
0.054615768337343676,0
0.9370828279689226,1
0.8364399011791169,1
0.020050735805208726,0
0.9040502101499335,1
0.6057354917506407,1
0.0394982857890076,0
0.625211020134355,0
0.03214080365657515,0
0.7853999034506537,1
0.035650459990990736,0
0.16735751786009462,0
0.7211589327831174,1
0.22922959667390042,0
0.017860054190461827,0
0.8991768902241806,1
0.20144674448299044,1
0.07335332879416592,0
0.033298587980740285,0
0.6478723453200879,0
0.7086625789315851,1
0.014006668646650714,0
0.009810390470146268,0
0.012071137558239985,0
0.6935729242973963,0
0.02840860874293553,0
0.5465983391889011,0
0.2250553966068239,0
0.14217697903466586,0
0.9199044155705357,1
0.048547589522215315,0
0.09763289960622748,0
0.006754823050754458,0
0.09846233959448689,0
0.6362851322667428,1
0.7856525544932713,0
0.6490578622284595,1
0.024534953746153658,0
0.6873046236617133,0
0.11543576854297825,0
0.70784596395434,1
0.01895399207961157,0
0.6522612716156039,0
0.2944471934604299,0
0.6809864766031485,1
0.0755671920215813,0
0.004801891143040958,0
0.009047624106113863,0
0.687049607397067,1
0.07335719724284681,0
0.25774987117730824,0
0.746109032952328,1
0.12921386879372973,0
0.03456911692883381,0
0.8469471127500089,1
0.9301297361727638,1
0.9195476309780337,1
0.021911027028496833,0
0.3635743836932791,1
0.8760173638636246,1
0.02456632688971969,0
0.03992318613889673,0
0.4220504311177735,1
0.06166842439387327,0
0.030687538001741132,0
0.04041824143237033,0
0.16422713075825013,0
0.2747212085147087,0
0.34183174858271503,1
0.050758537557836936,0
0.012689571204956571,0
0.1031583665249467,0
0.8397736512011399,1
0.9319499481936315,1
0.810471176717002,1
0.3438719989018263,1
0.03817177142355756,0
0.009085318849829487,0
0.043603545751118675,0
0.3240336840775376,1
0.03272913785422572,0
0.6802499504914036,1
0.1870954772510845,0
0.31498136829250006,0
0.02533120800193796,0
0.2973326621986669,0
0.4943151893270044,0
0.011328193439328444,0
0.6977148464262406,0
0.6506666114740657,1
0.007416444791176017,0
0.0864095988272806,0
0.07559825518003363,0
0.0831721588603968,0
0.5642103291086713,1
0.9378072155339104,1
0.10374436149033224,0
0.7234386015710055,1
0.12437467364426884,0
0.4330356855936232,0
0.013613553019158672,0
0.1723723094418405,0
0.04084873608784339,0
0.06645853840908664,0
0.006086776568191516,0
0.31019065710758637,0
0.7454139923420298,1
0.2697120479168929,0
0.04286879231506127,0
0.626468522949391,1
0.9305993740150521,1
0.02202354479240578,0
0.09273087153999512,0
0.4621661175210475,0
0.03763461729314741,0
0.8677015763152189,1
0.5984765918851673,0
0.39560368867116696,0
0.5352124840478537,0
0.8883838768247381,1
0.8682221293217662,1
0.6919258790490139,0
0.027896992484108523,0
0.6486601335107014,1
0.12842870723523983,0
0.3054445257744126,0
0.13703071948901094,0
0.056900332628752916,0
0.17535156634073207,0
0.8908136544968365,1
0.04455359525990651,0
0.8813341348996973,1
0.747982268797253,0
0.011986704825189778,0
0.533709684704633,1
0.1325568077489283,0
0.37647034842848365,0
0.2545193932065192,0
0.9419674427245948,1
0.6566360876003224,0
0.01491140464690592,0
0.4650660332388677,1
0.07054061434048728,0
0.9193147683307608,1
0.9785143201103612,1
0.035753167353548436,0
0.08871323383736196,0
0.9152722244952022,1
0.5147663674078888,1
0.37364165254239107,1
0.05931470593897736,0
0.7203967921870135,1
0.8590265914379357,1
0.4377557497416742,1
0.9258975193581007,1
0.5167996600704585,0
0.7965531143678609,0
0.06873773075777426,0
0.0894980740470555,1
0.2760514518561998,1
0.027287476079191575,0
0.9154540808122584,1
0.03295703461283779,1
0.09143384128193674,0
0.17168797643358855,0
0.8959823398666351,1
0.0946696619463562,0
0.07415386662127108,0
0.10120609494493289,0
0.011361616779634686,0
0.7446609850829311,1
0.8822535036495254,1
0.0497177434631986,0
0.027498796219076544,0
0.10449844714714462,0
0.006274050949620612,0
0.32529023652858174,1
0.9509915162633134,1
0.9011801307907085,1
0.22704020079360063,0
0.2545981246429705,0
0.0850150286439314,0
0.845428100225899,1
0.020894152191779404,0
0.46402580771325325,1
0.08507959127270018,0
0.07694413215240628,0
0.014326453042133869,0
0.7073076878749741,1
0.8637444726499883,0
0.02375266845983392,0
0.026735516251894503,0
0.1238560872578992,0
0.27330719830360717,0
0.08349427854053755,0
0.44944753203535537,0
0.3551513559278602,1
0.9071242323361061,1
0.020958931609597747,0
0.1151456289312482,0
0.45597024783785844,0
0.4637687039526649,0
0.7860806305520461,0
0.683651430882867,0
0.7424196639619806,0
0.8309348929680628,1
0.8351597185883539,1
0.01309661015419561,0
0.026166803240398728,0
0.029868082483167885,0
0.0810108184448106,1
0.007565065971813242,0
0.024425609192937407,0
0.891941854931899,1
0.032557722963046806,0
0.10983166064047682,1
0.23763057253158607,0
0.9112839236109369,1
0.8081060813588479,0
0.5994897144658848,0
0.04270314408544896,0
0.017235593615852488,0
0.03695389067219836,0
0.0316183336495522,0
0.2181740026762528,0
0.022725494208092535,0
0.026007314129970593,0
0.8621994457773885,1
0.3244483278974214,0
0.11348298280794344,0
0.896086162257222,1
0.7152236808413955,1
0.8409796689941776,1
0.8319909720091744,1
0.8976363703222396,1
0.011603657894184223,0
0.7316345617311445,1
0.13990451429141731,0
0.01852178277877049,0
0.09680544648591134,0
0.19487081907971257,0
0.8649536502139213,1
0.09012959874459525,0
0.6614353628476821,1
0.6991974858791302,0
0.9766369893741409,1
0.35330457150232947,0
0.5449577002903867,1
0.07394621978081141,0
0.02302244719905082,0
0.9499725573006336,1
0.07435770326617659,0
0.5399184472991118,1
0.5309160988597138,0
0.6302609794499898,0
0.7133442628448943,1
0.9467258488717734,1
0.0068805608603904524,0
0.07530931576521524,0
0.006030384837006039,0
0.3172462647088559,0
0.046351922746047505,0
0.8619239601555607,1
0.6560149704113029,1
0.23867195610483435,0
0.03784587541842323,0
0.9416050963486132,1
0.07532809444589542,0
0.8505758440671759,1
0.03227155548536174,0
0.7788883679029588,1
0.761644755177385,1
0.08288079567831261,0
0.9211666779133545,1
0.08835616767265032,1
0.16277882683258965,0
0.029960349624341152,0
0.7709489634550559,1
0.08353238394378319,0
0.8066039944829348,0
0.42877776094194564,1
0.061043000306245945,1
0.8919348931378754,1
0.07783151573940675,0
0.7557648756034071,1
0.3368891611434194,0
0.9152793980772558,1
0.011243439663532678,0
0.8719847065504596,1
0.13030662864240675,0
0.08900570688823103,0
0.13616768119599626,0
0.019646894259259733,0
0.7337872538878625,1
0.038446907275678247,0
0.008983975919290624,0
0.1408975219127485,0
0.04629912078857622,0
0.8032145970364677,1
0.7116402930066552,1
0.4276766302473517,0
0.8208650612236497,1
0.014718946150355586,0
0.7968616952632971,1
0.06711381329235422,0
0.170366480112309,0
0.5240414913430216,1
0.8846600048943147,1
0.5747242422407448,1
0.74968339031611,0
0.014153404288481974,0
0.8341011807848968,1
0.02275627769667176,0
0.45782663748257824,1
0.560596858620119,1
0.025363750421357106,0
0.020260564006614547,0
0.02611465546992056,0
0.8260048728354896,0
0.12101018680333966,0
0.030279853513900563,0
0.9658550032103588,1
0.8779916437501342,1
0.8579461786511533,1
0.06534243450875173,0
0.023881132485831104,0
0.7848895943413857,0
0.0571812157700262,0
0.012623126287724861,0
0.8952057427145507,1
0.01768967315594206,1
0.8944270898127659,1
0.17323878145045674,0
0.009248812470991614,0
0.8073401682489939,1
0.7307338885403671,0
0.013463519196967547,0
0.2170789665466994,1
0.3455760820641721,0
0.08074359307959464,0
0.051898794033041096,0
0.13960493924620368,0
0.15908050257556336,0
0.06779047660623802,0
0.6597396590749882,1
0.9349658836785464,1
0.833431141132104,1
0.02344486781410842,0
0.922457883972231,1
0.22960768189426525,0
0.05271378198611691,0
0.4695048830748568,0
0.029355131902153813,0
0.010359760005857957,0
0.7157033091253757,1
0.8769748512290135,1
0.5031932288873862,0
0.02466928519209357,0
0.27907463775658936,0
0.26059845936709325,1
0.8662609848366319,1
0.6887230082730141,1
0.04266926566958569,0
0.11783746813354498,0
0.010888427281874394,0
0.42063781433828584,1
0.5277635031013319,0
0.027095481833300746,0
0.10503911470351579,1
0.3140221586919051,0
0.013543199637619565,0
0.17859155216628836,0
0.8371394195474874,1
0.5821834224612255,1
0.06024596521263041,0
0.007247938553512115,0
0.08614943996843001,0
0.7934431551956569,1
0.6891710913573307,0
0.4630524371601458,1
0.025628819839320006,0
0.723094871373742,0
0.7580000136642193,1
0.11048588311782152,0
0.9109518795309072,1
0.7945875293578317,1
0.006875746037866626,0
0.1113602124136491,0
0.33688080718670865,1
0.46224101750022817,1
0.08569524035534815,0
0.466228695973481,0
0.8993645594588576,1
0.7202319839847517,1
0.2633634347458442,0
0.6619714433482377,1
0.8883441731109633,1
0.9495062128272137,1
0.016433932704244612,0
0.48966116368141843,1
0.20812908370334965,0
0.8454915420570114,1
0.8721417532911356,1
0.011428646680807975,0
0.01879302647922544,0
0.052248032736310665,0
0.05844375393586101,0
0.38250243002176587,1
0.21229929398061378,0
0.4087560984496938,0
0.9630554799640917,1
0.6992445460393103,1
0.024464071097459884,0
0.1447058590973963,0
0.9472000310558893,1
0.31896491081767214,0
0.1482104162370648,0
0.7964388971614568,1
0.46734316804992015,0
0.538521413978495,1
0.04931472524259966,0
0.0899713574693679,0
0.4186203403706713,1
0.7756746606164232,1
0.19280365102065727,0
0.13322535839072783,0
0.00538733965179985,0
0.02168879976206715,0
0.013742742104291716,0
0.09697866507159487,0
0.5809600937118631,1
0.8407361605289558,1
0.04930842684406112,0
0.9428941806234701,1
0.8165405701694264,0
0.012031226324165796,0
0.9829376827614558,1
0.16884281437807586,0
0.09743311994625145,0
0.026524517697156986,0
0.7964400228451269,1
0.04330507579584328,0
0.023742107882740657,0
0.02115827891427537,0
0.09318954676810477,0
0.6025953274905407,0
0.4773738200522587,0
0.1075649484208682,0
0.8583263913201862,1
0.04813511884654224,0
0.029611049097856324,0
0.006488969754902029,0
0.37414007746065736,0
0.9144819853589381,1
0.38212598360033667,0
0.6097954244266317,1
0.6364158682124768,0
0.29258557526913936,1
0.019702698376751364,0
0.8651891504539104,1
0.10790464744691915,0
0.06946974055372282,0
0.09612540467260314,0
0.012994307038282546,0
0.5110581916996796,1
0.9400850412104409,1
0.38260898250118003,1
0.027176921161498408,0
0.24920883208791458,1
0.2502984447379564,0
0.0071531162788634976,0
0.4361347335203062,0
0.15023300865358286,1
0.10117222449750654,0
0.6955460525697547,0
0.01564027191636739,0
0.12808983684590733,0
0.024215342052363024,0
0.6673936365524551,1
0.025616152741472664,0
0.07556423857942447,0
0.7869154327310505,1
0.014831677576421348,0
0.9308278739877818,1
0.1216961965755067,1
0.9193855070336833,1
0.15231555304632205,0
0.2602919282400641,0
0.29639385437227883,0
0.36177199986887343,0
0.07295300245281543,0
0.22352619820489728,0
0.7031667615961105,1
0.9356502846384483,1
0.030021211581698785,0
0.02262840448286413,0
0.07604757124154313,0
0.7514016825021527,1
0.826386761748538,0
0.9076094667124893,1
0.06207494618113617,0
0.020888832152636216,0
0.1836905545368522,0
0.1124411621558232,0
0.7467455111061996,1
0.9066766987675982,0
0.09602903732434026,0
0.6849764458408539,1
0.05367734550714224,0
0.4977817625708167,1
0.09287146123388772,1
0.03105115926391614,0
0.12008571053899378,1
0.3757265285557695,0
0.23842112703827759,0
0.1400022637326375,0
0.267418677379443,0
0.6876112000520204,1
0.07349576217698187,0
0.3109798008460206,1
0.21725525973995602,0
0.6319293627872458,1
0.7888663285012518,0
0.130622428245816,0
0.8964469228284745,1
0.8025231087941413,0
0.7845139780298505,1
0.10853047287026212,0
0.91645995106804,0
0.643817389342763,0
0.029942305766395654,0
0.0204640717202349,0
0.008995945463361701,0
0.13450157360411383,0
0.8476357353230044,1
0.04241809026330111,1
0.5579287480917299,1
0.9566588241283472,1
0.8068388228423251,1
0.9603254497784282,1
0.4584350625679887,0
0.3695879239065119,0
0.25820191098598316,0
0.8960864824215854,1
0.039422572850367425,0
0.6406419326892295,0
0.9203516308731517,1
0.5700116113347765,1
0.3619122117899516,1
0.03951550101643088,0
0.8153795094351303,1
0.052814018770988166,0
0.2611116633572969,1
0.8194017277613632,1
0.9495217501639136,1
0.0353214536997085,0
0.9509737146096165,1
0.1285998685743068,0
0.17649438231558584,0
0.02834161932927253,0
0.9092864958975031,1
0.7900795768593414,1
0.53460970017226,0
0.03305759727610169,0
0.6774800986308321,1
0.5658087890702272,1
0.20290429267004906,0
0.34520401583375443,1
0.7397218121264599,1
0.08226645403049063,0
0.8461446304870719,1
0.5724535456841616,1
0.04057181771304232,0
0.040232410266296544,0
0.8886900101027757,1
0.3665914376958073,0
0.09378483577625349,0
0.5918634836795361,0
0.06423524408826363,0
0.8143311639130445,1
0.0530623359838312,0
0.962205330653102,1
0.8432631537821363,1
0.864940705173904,1
0.2749224020638773,0
0.029949232079017212,0
0.12475719705027688,1
0.03878971397378473,0
0.931062061128402,1
0.8687975401556006,1
0.9003309782478717,1
0.01973954021899851,0
0.7264717511772643,0
0.04369492040392583,0
0.11671635285372026,1
0.03148125149146165,0
0.0541270203281878,0
0.8651707063556261,1
0.006868813587211568,0
0.38469393494514126,0
0.8428664026476991,1
0.5253832382546773,1
0.028216884015832368,0
0.309185411702306,1
0.4620194117831796,0
0.9608450003331048,1
0.9310279432231143,0
0.8600954279445879,0
0.04199578213140873,0
0.8532317757272402,1
0.06937988176129553,0
0.3169125978264497,1
0.0718550483132812,0
0.07741429074661237,0
0.5307297299432158,1
0.9372185780652591,1
0.745060407599853,0
0.1550447670887406,0
0.029400746763555852,0
0.6874421960524888,1
0.08223512572690658,0
0.7262265509940666,1
0.018867677056598194,0
0.8386060026715937,1
0.05971845668531175,0
0.2335786354533806,0
0.17114179698815665,0
0.13638027668622732,0
0.8771277994875222,0
0.39163776017649854,1
0.13706131405645144,0
0.788672364981912,1
0.1901352563852984,0
0.7910183813422419,1
0.5187801123453571,1
0.4600764116984582,0
0.8154587533019951,1
0.0259123359120306,0
0.08628316988189558,0
0.03435592094480475,0
0.035829459828405553,0
0.04176831724204857,1
0.401099043973539,0
0.007267926931364531,0
0.01131774712987598,0
0.9413884680324107,1
0.02667295019214142,0
0.015129962838063596,0
0.018469734802880007,0
0.5266929111154057,1
0.5928705523771296,1
0.3965503153728797,1
0.04773618898160653,0
0.2978519766993543,0
0.05957136918769017,1
0.053862592163725145,0
0.14365377737519294,0
0.3824540474611671,1
0.9402548989064708,1
0.10858375684568226,0
0.4004323122372643,1
0.8034348814468653,1
0.7252583678081,1
0.939583552341366,1
0.129613469038955,0
0.022555356309556886,0
0.9198248121141642,0
0.04262807160171103,0
0.2106618909899573,0
0.9270247020502376,1
0.4322731525834184,1
0.23140031353262377,0
0.6871602124386973,1
0.3147741810022297,1
0.02476430736336719,0
0.6497813037692863,1
0.006680517151625596,0
0.8998051353458989,1
0.10433826732126497,0
0.9439504255623365,1
0.4672446655331939,0
0.09683405421855196,0
0.9467772764869131,1
0.6033349213331388,1
0.11168127817051321,0
0.16287701916887337,0
0.30119720319641025,1
0.4241318112583093,0
0.0748678798000028,0
0.39154224607563515,1
0.14031684095512753,0
0.42892232965286964,1
0.6210080313479465,1
0.41495312831595965,0
0.4908595356652368,0
0.9585234544403113,1
0.32307581513408906,0
0.520926890741354,1
0.877566402248726,1
0.3028714235771969,0
0.5084950362456333,1
0.7736008598925895,1
0.19613365708689406,0
0.2065451024103151,1
0.3198277185079152,0
0.021808100607011587,0
0.935023687642315,1
0.8059532306209322,1
0.517082314642521,0
0.9247240282039784,1
0.02816648171858559,0
0.5286678844058825,1
0.02998168515698595,0
0.026123485522041114,0
0.02726037550455327,0
0.3525648451474458,0
0.921629974640687,1
0.023336699485761028,0
0.009116931052982297,0
0.9500885048540587,1
0.186047340464409,0
0.7684303458803661,1
0.656293072392649,1
0.12985752715928472,0
0.6520494682679057,1
0.053657695645449796,0
0.01669451285902087,0
0.7680066945490698,1
0.9617757714335043,1
0.12936230040866054,0
0.1275453362236165,0
0.03428478187437276,0
0.010275663524910475,0
0.836099095268699,1
0.9486932665858868,1
0.8908132015253909,1
0.8208922599209941,1
0.2536087559019477,1
0.4295855987601631,0
0.05735386648404752,0
0.16064028567742378,0
0.05425678996890824,0
0.5762543681017849,1
0.868729755415296,0
0.8264235892490838,1
0.5106445424881618,1
0.860048617993686,1
0.5112944314967953,0
0.8669887587132349,0
0.9392142053159993,1
0.414306744073334,0
0.10449844714714462,0
0.7936772476925816,0
0.09898925986626549,0
0.018735566763869536,1
0.13789049830845612,0
0.15634853511102031,0
0.38196241707311146,0
0.12069951513671022,1
0.03605514239085616,0
0.8548577199514995,1
0.7962115533920938,1
0.7984597171984973,1
0.05028661841063261,0
0.12985752715928472,0
0.012153000813305745,0
0.7814398716160428,1
0.09184217651049617,0
0.09624504349304527,0
0.8154116960279263,0
0.9034763668229913,1
0.248198936386323,0
0.8937275922478871,0
0.10756454054651006,0
0.026523474120662166,0
0.016500775582417658,0
0.9645410087852554,1
0.8515603934834619,1
0.033530386875404244,0
0.48810227296847775,0
0.952374806536055,1
0.8237103646106612,1
0.6222968151272197,1
0.05442532401569015,0
0.19502314973313475,0
0.6523540621759717,1
0.08700288303191914,0
0.02595577037265906,0
0.29200703363918556,0
0.03394154297758022,0
0.850415308990331,1
0.0276096981449686,0
0.3296009045595888,0
0.4006837125763239,1
0.046581561622387774,0
0.0460206878821675,0
0.006778541251047076,0
0.9343356847488622,1
0.9621533560134552,1
0.7478673916583871,1
0.5262650612805426,1
0.7655890424399947,1
0.20969960331366094,1
0.18819303336001583,0
0.7672223787478216,1
0.011004347125026858,0
0.11951126401378749,0
0.0792797186676212,0
0.027463645287358084,0
0.014327913578267657,0
0.05937901823208075,0
0.5914867236931266,1
0.552856119349518,1
0.3299210342715523,0
0.7073909578450183,1
0.7185714469806384,0
0.008831152923245352,0
0.37632143863207446,1
0.2270896885905719,0
0.09996169819482251,1
0.6460653763027104,1
0.9841619745354017,1
0.03680991858839692,0
0.06115587674090196,0
0.16507638431499425,0
0.008089827778416532,0
0.42329054202007715,1
0.015078616720881621,0
0.48682481541825046,1
0.7580972604953579,1
0.07769219589364021,0
0.2391922716314639,1
0.052545696461287886,0
0.021643557803527447,0
0.8047631377810658,1
0.7861210752519427,0
0.3897464188340097,0
0.00859731956666679,0
0.07663815709893704,0
0.8210409691321494,0
0.08259552812346478,0
0.12213597794388727,0
0.8125494199291078,1
0.03548088071010906,0
0.7564376395909638,1
0.5022039977333753,1
0.4619191034315301,0
0.04563101420775157,0
0.013316478509608293,0
0.5903596807076437,1
0.8585362512067141,1
0.9435022905871161,1
0.6191241605097367,1
0.5090621466628217,1
0.03544157932324732,0
0.10206655617798024,0
0.4230654965343561,0
0.8159734514339314,1
0.599273051329736,1
0.13276358384465836,0
0.6188102129504494,0
0.6052780667081793,1
0.7452972211185676,1
0.048930044273560194,0
0.3065968225037733,0
0.9409703202305681,1
0.04362122408535735,0
0.7628721767705483,1
0.10816601390731287,0
0.7303027374750573,1
0.26066473938093826,0
0.11102272818707273,0
0.029938950952718528,0
0.11427527276960558,0
0.3621268846833038,1
0.8264914165748486,1
0.08963344783452545,0
0.8157416751713467,1
0.8389335715846086,1
0.15425461911155763,0
0.2184120218144653,1
0.8314191741126887,1
0.05592318660504161,0
0.10738642576099777,0
0.08652665103352321,0
0.22969882320123663,0
0.07987493232462292,0
0.04511010499626556,0
0.04798572560583631,0
0.0399922560015708,0
0.20404746595618767,1
0.08146346151751829,0
0.07095646976168392,0
0.6049290142063604,1
0.060283959036175436,0
0.8083201308018729,1
0.08307779149850361,1
0.4021781494228257,0
0.01622843899740889,0
0.6522612716156039,0
0.13804928011344855,1
0.8187691006288048,1
0.7303265595132717,0
0.21013403857404525,0
0.8187691006288048,1
0.8543901839592237,0
0.06694394353733644,0
0.06475624877495227,0
0.029258571815721307,0
0.6406526750194044,1
0.2669330570663495,1
0.4603916212529978,1
0.022726438972078163,0
0.06984517886662239,0
0.06603216300225652,1
0.9159390507300182,1
0.10388599223817037,1
0.033808465652661754,0
0.22240506980699273,0
0.3380059709641826,1
0.5001966379107279,0
0.03781219172957264,0
0.9434322335478573,1
0.9457548872907842,1
0.03980390483169376,0
0.17411502733878362,1
0.01003416235641643,0
0.0680599379771409,0
0.02971165166732633,0
0.09785313648506674,0
0.9250354300965989,1
0.11268892189825255,0
0.06332233579580394,0
0.07255538926715666,0
0.6733930942609406,1
0.9008978406259187,1
0.3734195795844809,1
0.5845842386370805,1
0.16504714039685248,0
0.01715365400910471,0
0.7030423936179784,0
0.5016663009227308,0
0.22127978443598617,0
0.5596513858041419,1
0.7076789054640538,1
0.007847878624418558,0
0.4309551268447471,0
0.9571504082100469,1
0.12273234555446473,0
0.18887014514261874,0
0.02399743261414069,0
0.9454627891756419,0
0.8179843473881325,1
0.5848194309448924,0
0.43360394301547933,1
0.006268760905821897,0
0.6828898603233106,1
0.870735838654908,1
0.00871265425501486,0
0.9169558322718668,1
0.011367879083708576,0
0.16640028105302768,0
0.720100285653551,1
0.6474002593601813,1
0.7746191856006178,1
0.025828865198047547,0
0.5512836774524288,0
0.0070713184460699935,0
0.5985996569970068,0
0.010491576367003123,0
0.4498750343338392,1
0.08695725393763354,0
0.3993661477884851,1
0.9665609996427946,1
0.776229645904558,1
0.8467553682652882,1
0.02280267012942217,0
0.05767888457272389,0
0.8055972362812767,1
0.8429482518325335,1
0.02273560509352405,0
0.007331472816204094,0
0.022106725210444246,0
0.06334317710647537,0
0.1881260155451208,0
0.03865027451194226,0
0.8814120835078627,1
0.03845562098888415,0
0.2346282553428911,0
0.4654049474777233,0
0.8634651569731618,0
0.9291712373398113,1
0.2903892278240817,0
0.026376332240681654,0
0.2796615246830614,0
0.6589176913987697,0
0.01981686538902228,0
0.4339403284805159,0
0.7875123019714312,1
0.26979610113511626,1
0.13113417677192207,0
0.0817439352410975,0
0.6763953353748324,1
0.02782218175873452,0
0.3529188037208047,0
0.06582996181697708,0
0.008936954390502716,0
0.05784232476074669,0
0.5359617825490252,0
0.02473296036129935,0
0.044593567309881996,0
0.07967430181441762,0
0.6674106989657258,1
0.07302924633848092,0
0.22027633586063794,0
0.7981074273107126,1
0.8594316829211042,1
0.02140957892079025,0
0.6425985503750397,0
0.7489081131776396,1
0.029739467815684928,0
0.44308316300830686,0
0.7803184561978697,1
0.8591922740051186,1
0.07300788176075676,0
0.8457514602764297,1
0.5684699376050124,0
0.8482733545208598,1
0.10086074232161069,0
0.04614562812433785,0
0.5803074763275541,1
0.09327875272378729,0
0.08781643419915805,0
0.02606990247639588,0
0.08011269752867763,0
0.012218587881784336,0
0.014350329098183604,0
0.251095627866858,0
0.27788829979753515,0
0.8277789459484804,1
0.11943501559265865,0
0.8007706983416994,1
0.07282633312013723,0
0.06996712437429879,0
0.36293575863479133,1
0.2933169219142104,0
0.7045574784303219,1
0.030468816052074965,0
0.792392275867537,1
0.7290430753090479,1
0.31399539861529174,1
0.09738847891361566,0
0.8876640387406185,1
0.27866539484676667,0
0.7133770707593924,1
0.048555825983375434,0
0.431728265719929,1
0.5766388161961131,0
0.9128247837426805,1
0.08791458604699828,0
0.20841651350136775,0
0.9050044946545208,1
0.47411394645200755,0
0.9342737736769993,1
0.020279097856372393,0
0.00731768786936067,0
0.24335267357262133,0
0.03428219693297098,0
0.6022711900700319,1
0.03315290628265673,0
0.08130187526574273,0
0.5979569444245997,1
0.011582152010412246,0
0.024501085372297067,0
0.7863705747982472,0
0.14537750268655586,0
0.09833848995405166,0
0.3496961139559874,1
0.04409145795637442,0
0.035681597656062644,0
0.14351585602515038,0
0.010527347053298107,0
0.926988030072018,1
0.911154757451355,1
0.1889461869292238,0
0.7976248991818186,1
0.5456583143682441,1
0.008059664192067474,0
0.547655338835725,0
0.9433453368260935,0
0.010681926230600797,0
0.08290994946956926,0
0.4232538894655707,0
0.8351519348396254,1
0.9401383512304873,1
0.11875750097266828,0
0.06842797902789252,0
0.9060856080934936,1
0.8174119261461174,0
0.06368505831790178,0
0.014398687639100538,0
0.026978810704787293,0
0.6451361219383425,1
0.9540044205300612,1
0.33095228385917014,0
0.8988764446306039,1
0.08539819748361104,1
0.021020100690418,0
0.5331875770634238,0
0.645476661535034,1
0.15417802715446716,0
0.6717783962731515,1
0.9109176188739132,1
0.7384222479645588,1
0.034281641716456604,0
0.9818779589291017,1
0.02255181744015345,0
0.08494683931229656,0
0.27539488000751605,0
0.09091959602272606,0
0.6026202697411281,1
0.9221872074268603,0
0.7597949286400854,1
0.019757882259022343,0
0.33209371391722103,0
0.6176416108673848,0
0.44263599498227846,1
0.019406804798292897,0
0.9827838288184102,1
0.0741049024921993,0
0.9259599848660249,1
0.3893761981472573,1
0.013777436994164735,0
0.8471036028688651,1
0.05778433861223825,0
0.9472207276358953,1
0.008128531906522992,0
0.03333034682480634,0
0.12229243709415087,0
0.013977166079641704,0
0.5466696354389302,1
0.16394284185967842,0
0.03670827916925799,0
0.39908739986916564,0
0.942568613733598,1
0.568757631731539,0
0.015633948601131455,0
0.020812300402215652,0
0.9337055054627468,0
0.011237264227949583,0
0.5242165501656867,0
0.013489798150825452,0
0.0385921664210948,0
0.205673078044954,1
0.9504079231456727,1
0.9155752729832216,0
0.8167449450052633,1
0.03583968972771518,0
0.09321404684137777,1
0.29614520280948464,1
0.18761686549877937,0
0.18272077208344323,0
0.6880448046705568,1
0.054475970332064694,0
0.943062264688213,1
0.1528399701448976,0
0.017482673544609643,0
0.9458276195544307,1
0.09320800926030619,0
0.012897211697318353,0
0.7146662979521731,0
0.3984658424478049,1
0.08135993998625331,0
0.8574521221055613,0
0.11626871472886391,0
0.09720322543811691,0
0.05001547955363487,0
0.26894539486897723,0
0.03313493427717027,0
0.08014726413623642,0
0.7534680385194965,0
0.8710363462980423,1
0.009645010451840023,0
0.8631224415442531,1
0.08640205693374657,0
0.7335220974096113,1
0.08001154699962741,0
0.6080931362031059,1
0.030592172526116745,0
0.0822945439977593,1
0.26332046395768005,0
0.04871449329365979,1
0.6269188487465283,1
0.8678722950473237,1
0.6636571013544688,0
0.710883981839428,0
0.8978578648880762,1
0.1768862393911325,0
0.008811817341257418,0
0.2001494045714519,0
0.019998456537038828,0
0.3886135603609402,0
0.060902277502620714,0
0.1960370951625001,0
0.054028623301542254,0
0.049102004561664234,0
0.09221159494130642,0
0.4210300040300118,1
0.1644556270549974,0
0.9213506536938582,1
0.4177276745122155,0
0.8703538621467268,1
0.521749517353057,0
0.2507724832578072,0
0.029688019290468937,0
0.4182836179408578,1
0.11935208849950704,0
0.03572102716926336,0
0.7639652547627378,0
0.1349757702258903,0
0.5107607452577609,1
0.01629175080306196,0
0.7633023188282669,1
0.017370528918394756,0
0.9002369793103984,1
0.4993312385942762,0
0.258192693819414,1
0.9356807295649393,1
0.8184744058002524,1
0.2889184914713444,1
0.19893728401811267,1
0.5143288382434594,0
0.054492025184861535,0
0.36732008825697593,1
0.8180685362115294,1
0.8455515353859286,1
0.09322845875571906,0
0.053450440952363065,0
0.4569637934545961,0
0.44170590343846977,0
0.08327996430104853,0
0.008427923418047663,0
0.31941076921209666,0
0.6158213227301134,0
0.019121884401291242,0
0.5446513173954709,1
0.5261084909289795,1
0.18784139931569774,0
0.025787705527674003,0
0.9155156020700689,1
0.7651745357962695,1
0.41671067340088214,0
0.026189003255211757,0
0.06228383473711256,0
0.5659982397299494,0
0.8329005715932978,1
0.04601777732684474,0
0.5475744217314363,1
0.9735270239699052,1
0.5145860174150048,1
0.03314829238046097,0
0.11615538832535752,0
0.08216089272570316,0
0.012415087176924447,0
0.5194184037582882,1
0.008974800478809528,0
0.7371618899918384,1
0.41637729504227955,1
0.8964604552350901,1
0.15979959874746874,1
0.190422800231077,1
0.1440635939745682,0
0.6314287244452614,1
0.01488315120412291,0
0.0147598179316555,0
0.5515890415405228,0
0.6156016720518127,0
0.9702891971446108,1
0.03326106752302143,0
0.7439965817312074,1
0.04021446867873802,0
0.037730482483937934,0
0.21491746712742454,1
0.7801223014404969,1
0.8433018582745584,1
0.10293978452664843,0
0.2668261041068926,0
0.06506984861294453,0
0.9407733356422288,1
0.9449260353218228,1
0.004761168180150509,0
0.8718654991121815,1
0.0317377117234498,0
0.5977368433731918,0
0.008031199969463993,0
0.04090857538380656,0
0.2503164594826398,0
0.9464034549278459,1
0.8886158471784846,1
0.34938401817585957,0
0.9436454252535785,1
0.7967993260295773,0
0.3807507188473469,0
0.08011400461846893,0
0.71913846685326,1
0.05539645956957018,0
0.1044484759829409,0
0.1033841062715272,0
0.6524238488020578,1
0.848078972638142,1
0.5135138343587514,1
0.017810102179786944,0
0.03962412632091719,0
0.39565770229042796,0
0.11009851322087386,0
0.9688584570434438,1
0.015782345861411286,0
0.018977671677799273,0
0.015572424766584691,0
0.23805285604074228,0
0.014568628370094011,0
0.32901106621896126,1
0.0059705019121111666,0
0.7623872801930953,1
0.8098867892770258,0
0.41733869870531193,0
0.9270932518894284,1
0.025769810560376714,0
0.026077375340035902,0
0.15609524315042872,0
0.7305903677396908,1
0.07972106727117229,0
0.5629377448201155,0
0.6108538078305087,1
0.9233958923796839,0
0.23449214257760223,0
0.8795111742476399,1
0.6056414694270871,1
0.046176099874749216,0
0.16982743377965723,0
0.8695228139213617,1
0.025075722942902855,0
0.2751746326111738,1
0.012177231063449064,0
0.08696124420018977,0
0.16287701916887337,1
0.020959052199127318,0
0.2788110610056457,0
0.5532441874789187,1
0.08581497771552635,0
0.39356653614206094,1
0.9041737835656779,1
0.49997190776636613,0
0.037843218515521,0
0.7606116703993753,0
0.3428400984309246,0
0.4135159681128985,0
0.18852176699474782,0
0.0349944875296711,0
0.907404699238921,1
0.01695109362604368,0
0.8628440119578148,0
0.011757573858105342,0
0.7439094932504792,0
0.9600246775122109,1
0.9678903557174634,1
0.0740971918934505,0
0.041714598555379706,0
0.0071610596269065865,0
0.07748093533115705,0
0.8336089837130993,0
0.12864759216028016,0
0.15754490502526836,0
0.0280421674103367,0
0.03417049228047357,0
0.6752104710574115,1
0.7918670239038934,1
0.7201054228113977,1
0.020183481670867427,0
0.12348015905679541,0
0.818358164367859,1
0.8383198628162571,1
0.07824318356501125,0
0.5652456779056905,1
0.9570331444841275,1
0.7242089937677161,0
0.32102469334835304,0
0.8591340429013711,1
0.32690852082506916,1
0.021090344792095848,0
0.05215459452547179,0
0.8108433551704592,1
0.4137618313628251,0
0.06331536000282928,0
0.12003835915432244,0
0.7019497744063645,1
0.943125035020173,1
0.3564383893385952,1
0.061479850831843166,0
0.06760672788680681,0
0.8065556402224393,1
0.027312361999739916,0
0.6704966649140799,0
0.17988174517926514,0
0.03569433428426491,0
0.10992247470545569,0
0.5179984948718019,0
0.870035500092213,1
0.012381517601738725,0
0.4305648861569239,0
0.3072357851312349,0
0.5387306533632925,0
0.12225545514958595,0
0.6571065096107285,1
0.03802057767667066,0
0.32789710900696106,1
0.11696756346820274,0
0.07313645066267073,0
0.016075541440028353,0
0.43990960794752176,1
0.013527679426932577,1
0.025605307074689075,0
0.5817364138503275,1
0.9077955240231415,1
0.30182468235610105,0
0.6698938663893758,0
0.030288479660601407,0
0.5970021707226143,0
0.8329368901206475,1
0.9805826711757261,1
0.9131282335391362,1
0.21684688699105115,0
0.030383190963840824,0
0.02704100975804542,0
0.2682667683912857,0
0.06812111978718065,0
0.0751412276605504,0
0.37481125000644183,1
0.12315416030845125,0
0.016718315353290197,0
0.7547312579536768,1
0.8934723863861121,1
0.10331529700378281,0
0.0523787482949651,0
0.7794507071860892,1
0.619654503203067,1
0.00763124663632786,0
0.016395183487700575,0
0.02214357856476461,0
0.7448342061051316,0
0.013341586053964221,0
0.04122352790807589,0
0.020365093972358344,0
0.7344394555492454,0
0.0345860697253988,0
0.24920587519950815,0
0.9571632187122437,1
0.5369272479483754,0
0.021419416606613253,0
0.8862033539245691,0
0.32133888569502905,0
0.9012007451105074,1
0.053662672347659555,0
0.9101487949924654,1
0.3492707121798253,0
0.008922426827410773,0
0.10128978398186668,0
0.41555287686962916,1
0.9310525504512015,1
0.8665837757957779,0
0.956492551555637,1
0.9150714768200643,1
0.40958882896177445,1
0.05696665143412997,0
0.2608073493352243,0
0.016132805207824456,0
0.9636976725283883,1
0.27504180455636396,0
0.5646477204953524,1
0.03649321783296227,0
0.8063937979598433,1
0.026990760695028815,0
0.05778613067271539,0
0.05386751918542254,0
0.02571830756907889,0
0.13020269266234344,0
0.1812367354216996,0
0.5439460468367875,0
0.006202235134539843,0
0.04861398022600661,0
0.03266443707846974,0
0.1626428527690133,0
0.01880328311799901,0
0.7783049678789287,1
0.025288558139242228,0
0.7607516520948757,1
0.03853823098168953,0
0.8432272961141566,1
0.3496864636901524,1
0.8158617161118036,0
0.01642823885065306,0
0.9507402510261134,1
0.902263997874738,1
0.9689352477127121,1
0.04424706726536206,0
0.07041759119915983,0
0.15034453168253542,0
0.874788214754832,0
0.009857160479236954,0
0.042900576014441506,0
0.009445607960221161,0
0.9117308909235572,1
0.17439522009738237,0
0.30748966140251577,1
0.2719123300874811,0
0.02607227683723287,0
0.010903005159438242,0
0.214996166764751,1
0.10450486163709682,0
0.07463787751048784,0
0.3342662759169782,0
0.6826727527201434,1
0.7738304858848462,1
0.6157351817569013,1
0.08334168886499467,0
0.08926161976942684,0
0.03237384793732348,0
0.20502910996518303,1
0.0485437676711811,0
0.058853807665056344,0
0.008455247992383026,0
0.4319390412804801,0
0.9286095706752111,1
0.9365351682601201,1
0.02610806921128216,0
0.32011996436662693,1
0.1493098625930693,0
0.33859492181582274,0
0.7692409818429373,1
0.09109841331579768,0
0.11353226724006049,0
0.3605252089236437,1
0.28498537015124803,0
0.929835550823649,1
0.005677132342960934,0
0.9645841673242515,1
0.06928539781762125,0
0.9414574428466345,1
0.7964400228451269,1
0.9365208121676524,1
0.08322581418671923,0
0.2688506705033106,1
0.026812680583982434,0
0.9314079175109289,1
0.7955695223621494,1
0.778729488305924,1
0.7167228469480933,1
0.21197795865732633,0
0.9126122873168411,1
0.6239036225993593,1
0.05879144889641672,0
0.06929656626435995,0
0.2418408116480084,0
0.2936197908461881,0
0.1883796800008784,0
0.03428219693297098,0
0.039995065345773274,0
0.9368608352268017,1
0.6090159386772862,1
0.7552969862004765,0
0.02166862279657428,0
0.030771927877991472,0
0.022077518700079034,0
0.0990821477532228,0
0.2714475786304009,0
0.7129475516936765,1
0.8511120798888042,1
0.34113609923856675,0
0.3665450098212443,1
0.2691808053800343,1
0.6273916152955572,0
0.062020517421357294,0
0.9707116293455581,1
0.8138496123694804,1
0.10040009141247622,1
0.3273825889192704,1
0.0627824024627909,0
0.915689905470057,0
0.07095159033908675,0
0.7750563329042379,1
0.01603963326569029,0
0.7389865002453216,1
0.06922093065761756,0
0.028166775408667532,0
0.09503807403132232,0
0.4887408780837504,0
0.17149062144974947,1
0.5910665589757733,1
0.05946554267757487,0
0.6292857563730208,1
0.567584600808453,1
0.7066714005251075,1
0.9345975570866998,1
0.009304481254471999,0
0.0428293713388146,0
0.033161578897182124,0
0.24235318638300982,0
0.024014221211935076,0
0.13441702581583367,0
0.8694534560529392,1
0.9581332946420729,1
0.8899438661130997,1
0.9458916110597484,1
0.4643560546713278,1
0.020013226573805297,0
0.6812071806204096,0
0.7452361592269469,1
0.8777358939804714,1
0.005299476813204744,0
0.06188456567162942,0
0.04919639862487003,0
0.5194372788264996,0
0.1173587131434511,0
0.8920122607001423,1
0.04742546023796605,0
0.4919803484091695,1
0.697821342431294,1
0.6710973037089266,1
0.592825329716663,1
0.8745499561287982,1
0.3984953426543484,0
0.2165934229494199,0
0.8838875909078805,1
0.01151652684162637,0
0.5066756760486977,0
0.020077065539103423,0
0.008744268192339042,0
0.1267250915406315,0
0.05425925868760998,0
0.8623703109128197,1
0.027878666477620356,0
0.39667662340283644,1
0.0211663278954113,0
0.9522692165822205,1
0.4232254670742823,1
0.08887735890889763,0
0.4823368096637929,1
0.10120823102780858,0
0.9161665050739662,1
0.6784640919075926,1
0.9626766989156643,1
0.018622010789297393,0
0.04519521594410636,0
0.050720334763223296,0
0.09554227179316174,0
0.963553978137703,1
0.165376944388695,0
0.9531657744252717,1
0.6439678614679882,1
0.37697526957206173,0
0.21483361029421832,0
0.13206127829279052,0
0.5107799480938251,1
0.4446477925284573,1
0.005330603446092465,0
0.834477907233231,1
0.09313303875859455,0
0.1326193081686342,0
0.24057706637982507,0
0.20279032531095137,1
0.43433229171150617,1
0.8534185681506861,1
0.17161165067482137,0
0.8015421638405563,1
0.8442149945143956,1
0.15376706975976948,0
0.013866534758351631,0
0.03331849184650594,0
0.9007045987575468,1
0.8849809729189486,1
0.13024462776959672,0
0.01652159882350336,0
0.16472512263300368,0
0.5228990768411478,1
0.4604361855609637,0
0.7093739957898533,1
0.055605352034156216,0
0.05779241030243103,0
0.7679913852292879,1
0.12130886052890089,0
0.041320569724137654,0
0.020344662197794162,0
0.643852423346132,0
0.5458050349066355,0
0.6680408783979207,0
0.22057470578686084,0
0.0949055496737943,0
0.068315667832316,0
0.02002810079738012,0
0.10903507817080575,0
0.29857793335369376,0
0.009959918986086076,0
0.026695257855618725,0
0.9025108173132995,1
0.3875984361255393,1
0.009951058656834783,0
0.10490418388846223,0
0.22579328784712951,0
0.07394355227136024,0
0.04776123166023874,0
0.7979628946307228,1
0.28864249932972286,1
0.8219164509374816,1
0.02023490106863542,0
0.1579829257845273,1
0.05163239345308771,0
0.8032593360311973,1
0.9331688716722466,1
0.952271771128134,1
0.3633792875276789,1
0.8387670707825352,1
0.9409598981359183,1
0.1966120802827989,0
0.3266042148756665,1
0.05531312638222795,0
0.5437933618953917,1
0.008926449082191966,0
0.9307010847585999,1
0.03638777112935008,0
0.5040031238897351,0
0.008381407399418183,0
0.11710931154529655,0
0.5910501834169961,0
0.3331711650307304,0
0.13125315300763266,0
0.03646234974423882,0
0.3324912565742187,1
0.2924559769228257,0
0.019933762610974133,0
0.03402200338657928,0
0.7173215721031878,0
0.09595092858326812,0
0.16073168294363688,0
0.021704953252911604,0
0.9371569256727984,1
0.4864853332859728,0
0.8934829192612124,1
0.8493691517831404,1
0.01908344921171839,0
0.8623698915559537,1
0.5049412075866219,0
0.012335291341756347,0
0.4306554980327548,1
0.9681247302094528,1
0.49488567185663124,0
0.012090830671025125,0
0.2114268000509958,0
0.6824296524822862,0
0.7394865482452879,1
0.05877493856913585,0
0.07360665173355488,0
0.8532327091643076,1
0.18486660744276864,0
0.624399114948236,1
0.04324955601499871,0
0.7310158384972633,1
0.422863857069256,1
0.2311901761666689,0
0.39863807299821935,1
0.1842949513111593,0
0.07911005829530375,0
0.006683248746127199,0
0.2497508153414829,0
0.056354889428366896,0
0.11788570577199672,0
0.18161777639806048,0
0.6867509317887116,1
0.5779316766950997,0
0.13581039204638348,0
0.055686016585522115,0
0.4670282237131924,1
0.5261782711972898,1
0.9479812103611336,1
0.010082371210975487,0
0.7941615613366908,0
0.15819064069581754,0
0.17153662094619998,0
0.7769824755885709,0
0.3533312358210211,1
0.9295032006650665,1
0.6570473314958036,0
0.86353885712838,1
0.06169681087026282,0
0.9134568716944514,1
0.8764447384012224,1
0.9094248229424565,1
0.03355105574706035,0
0.03468176245111439,0
0.04752342416301461,0
0.3908473141675924,0
0.07059337997439766,0
0.020964357729881915,0
0.25736770995481345,0
0.5854625410076013,1
0.973704113391823,1
0.1298003078511952,0
0.051983480037061526,0
0.0286803648291858,0
0.2812689472507143,0
0.8912679228192146,1
0.050841384106669815,0
0.011421479757238149,0
0.10485435312305821,0
0.7484636347988731,0
0.01287218528962165,0
0.30751217746360815,0
0.06850785597562953,0
0.564354107368306,0
0.31849958474433143,1
0.0818993885862097,0
0.02721476054384896,0
0.5276629688273945,1
0.008153187290978987,0
0.008432316632732674,0
0.7081268852676111,0
0.1296307255162134,0
0.23164719490402552,0
0.03652979587024414,0
0.013911829565174718,0
0.8493851094340737,0
0.17139890585796444,0
0.9243009911115999,1
0.022823284315242026,0
0.04402320286507416,0
0.8212757969621236,1
0.9418113071765486,1
0.9340549751007746,1
0.020103057710025844,0
0.029652330957206863,0
0.8819774773905777,1
0.9197679869079582,0
0.017275398225912966,0
0.786193562446042,1
0.5238126440102757,1
0.0051464605061073325,0
0.07230470535083112,0
0.0905147000805837,0
0.021442334808147955,0
0.844601384544698,1
0.01359786005996107,0
0.014634338883967197,0
0.12150373818285776,0
0.05116635423198753,0
0.43771430360127966,0
0.06365113471543238,0
0.2812908497450926,0
0.02035069441085077,0
0.05107797920281247,0
0.19174927511073298,1
0.9108812643398151,1
0.01744433832615401,0
0.4519278275149685,0
0.38570986097530024,0
0.9578456115131676,1
0.03587728125028135,0
0.8467386693580943,1
0.9169324138471936,0
0.7895249606783064,1
0.8261632469092179,1
0.099268405548422,0
0.7310320505133344,1
0.026619751436496066,0
0.6158146662309697,0
0.1596642403377681,0
0.844133841153992,1
0.05329052202264513,0
0.844558342180077,1
0.019628802738831774,0
0.008765735471411646,1
0.009807851686167815,0
0.16565184340735764,0
0.16213895330671013,0
0.5807000776276977,1
0.03356044567969154,0
0.2513084962302649,0
0.8833944799460317,1
0.27941836280988325,1
0.9128598910667118,1
0.7712969611311645,1
0.524943224397427,1
0.8526463950060897,1
0.4405680592182583,0
0.5765827921739083,0
0.7272235978250245,1
0.32951682858290393,1
0.5153437434762402,0
0.2686225645713803,0
0.011760144417289195,0
0.6450404059704643,0
0.013382166523764468,0
0.8515989103841545,0
0.16265895016791881,0
0.8512597681289643,1
0.9224978465652038,1
0.02734564835580669,0
0.3286163882669749,0
0.01073030046559571,0
0.15543870888272232,0
0.02785698086251408,0
0.828020689565378,1
0.119444699187177,0
0.8107816744630412,1
0.8386593434771139,1
0.010553694070490706,0
0.034408055577691166,0
0.7445107021414815,1
0.019517474716380958,0
0.720745702279445,1
0.9666111114684316,1
0.05073851477689377,0
0.07257792228541257,0
0.5296564464858414,0
0.02725418634082417,0
0.659585282430869,1
0.11372160537761358,0
0.13705444744898532,0
0.05670441151351803,0
0.024028958988035705,0
0.009418748308496658,0
0.6582497864807114,1
0.4229594481070806,1
0.7300310453646783,1
0.023331045271805816,0
0.014921009899074383,0
0.09532450759921404,0
0.9710762752539898,1
0.7888154875227258,1
0.3990553985962618,0
0.31628785007815063,0
0.754333118060442,1
0.04531030854134115,0
0.31534570069751455,0
0.023474685932440693,0
0.7332560759567643,0
0.1695872154838018,0
0.03370073150076318,0
0.2580575096209416,0
0.7560111973427927,1
0.10964935975197185,0
0.08899098138841176,0
0.892121066589184,1
0.8862304989310925,0
0.4679720898459941,1
0.24417958377358345,0
0.9299760665443053,1
0.07208807240106654,0
0.019838607064897682,0
0.8481360882214005,1
0.04204161372466368,0
0.014640336365478101,0
0.0880833389892281,0
0.8918662170497734,1
0.4886185494682339,0
0.39756874755092936,0
0.3231945536860299,0
0.043070508806676414,0
0.034554419437882226,0
0.06011944194300202,0
0.6285470719215833,0
0.8996503953009329,1
0.420856373529506,1
0.09810188178351173,0
0.9147726938509362,1
0.5476738019286456,0
0.19339504338482755,0
0.9395868425803044,0
0.009282910573853928,0
0.8048711175174041,1
0.95773456767496,0
0.17681337000519443,0
0.07426488727415814,0
0.7214165772020136,0
0.02593017686567862,0
0.7057140460269826,1
0.0900681019740183,0
0.1421430740484415,0
0.018177720888219652,0
0.9768052413454807,1
0.24695112354493115,0
0.7619615581538965,1
0.08885256905469761,0
0.6740604311337989,0
0.7958420512882601,1
0.2900815004788927,0
0.20332579618375882,0
0.06750907180918188,0
0.5168565630068214,0
0.42174360536726657,1
0.5555036551709817,0
0.8799483457952896,1
0.14142649069220803,0
0.942031081982841,1
0.8843157386241751,1
0.010355531180048323,0
0.7484347010440564,1
0.055262047591185116,0
0.0228068455438907,0
0.13442529079547022,0
0.08179043294943569,0
0.9103080038654315,1
0.28121548285218884,0
0.7889023157639354,1
0.42310236219668323,1
0.5998596807065549,0
0.2091064491107954,0
0.9060026944507772,1
0.03754972592391311,0
0.9633597190811629,1
0.36561017306277965,1
0.1314304919620907,1
0.9233287600468417,1
0.14039907002329016,0
0.8920122607001423,1
0.026833226486892348,0
0.09092719140405034,0
0.20308837734220186,1
0.021833860687870944,0
0.680732071829595,1
0.5799872543594706,0
0.025840269812921934,0
0.0783968135695853,0
0.5209217865081659,0
0.15902345395557,0
0.7228299858127545,1
0.0864885092682237,0
0.927889985179917,1
0.1195976557326162,0
0.2739589434076117,0
0.8280582268783782,1
0.5519484557985113,1
0.0071894540934957065,0
0.8117353927524634,1
0.7636973779023614,0
0.9029662271467945,1
0.8700554506808352,1
0.1145780710634052,0
0.9318332070673824,1
0.954580176231338,1
0.38759688410532395,0
0.9488726495712735,1
0.03341256502900291,0
0.8255154413855534,1
0.8912083337183324,1
0.16402643360366592,0
0.035111214488434093,0
0.29266927814974275,0
0.8782323124175486,1
0.7941807204190778,0
0.0461770786292727,0
0.021584944798871956,0
0.05759264910732335,0
0.8411800661308628,1
0.9609435949326282,1
0.4272056498211634,0
0.12066375937770982,0
0.4609007238098429,1
0.13904531692523545,1
0.6070544569501827,0
0.3203874453018963,0
0.2691151224741462,0
0.7230508501630506,1
0.39282984555287437,0
0.686308195597521,1
0.8352822913938492,1
0.21373707497334515,0
0.5629939204938929,1
0.1759474818860289,0
0.7672878223702335,0
0.0766337899886543,0
0.459181822332223,0
0.10657747939669322,0
0.026665929273194354,0
0.13623141651829734,0
0.6291933232137745,1
0.3911266125932444,0
0.3853794972945078,0
0.0826360405909432,0
0.024137910414549015,0
0.10780423451156204,0
0.24514340652456648,0
0.8713991197412915,1
0.07048053628060322,0
0.9527323081592536,1
0.09239527446889431,0
0.9147120345911401,1
0.15204044782920523,0
0.9633383367255032,1
0.06651243833448842,0
0.14229649622134158,0
0.8730054615821924,1
0.26655941023583396,0
0.9311517547535516,1
0.023978799442966544,0
0.0495156538704309,0
0.021969522178954308,0
0.5194496819855606,0
0.04454281056489694,0
0.9585873095117238,1
0.06741220463347049,0
0.0059387798531989125,0
0.7235584821939833,1
0.023117612199548915,0
0.4064803067688703,1
0.1999339171031642,0
0.4874601212712702,1
0.08833224228496829,0
0.8647378673108982,1
0.8009169937134253,0
0.1587010544871573,0
0.7796589942866635,0
0.07818355443333236,0
0.23443090237892722,0
0.6308279966004934,1
0.7336295981274354,1
0.5686641106255712,0
0.5963656332524674,0
0.9554543544364208,1
0.05493669305124238,1
0.03913301525805958,0
0.08007060621085649,0
0.8518496748385747,1
0.010006265559378981,0
0.16766372487681822,0
0.3949827374362963,0
0.2474140499656297,0
0.06995855905954582,0
0.2311667283237439,0
0.7195640796342244,1
0.013489302119233562,0
0.9116606319112048,1
0.13682308043355068,0
0.007151557067940772,0
0.9188304606991498,1
0.3900305563594829,0
0.5805614007246669,0
0.4530946263757598,0
0.07207832441326312,0
0.010573203794153156,0
0.05440172137352865,0
0.8125674237096053,0
0.09563265067614186,0
0.660964976533964,0
0.19127926568715684,1
0.049846427722206,1
0.9191708480091908,1
0.021045086345435303,0
0.908857355364872,1
0.38573556232762574,0
0.552099647370454,1
0.3241639685019956,1
0.9702023740788317,1
0.4679973281038774,1
0.030033809874262997,0
0.2881228240312155,0
0.1193930091462895,0
0.01297055673219521,0
0.08627118564538443,0
0.3755961459449167,0
0.03353257172464313,0
0.07021668714938986,0
0.9336877874500802,1
0.009105048523610831,0
0.5212081713846273,1
0.10044547769724206,0
0.07398905445952443,0
0.03598301992926553,0
0.13960892884964068,0
0.0259024349263166,0
0.03383579118472148,0
0.17228546497507416,0
0.9655170254988168,1
0.5732959409231293,1
0.07990282458283339,0
0.15685809204198484,0
0.9523012892701225,1
0.042588690510271886,0
0.07291817163433792,0
0.09662170169041144,0
0.23876921040325483,1
0.037504353803774815,0
0.11489987394603078,0
0.8730088468048335,1
0.6516316089378587,0
0.7308487712639177,1
0.9686897207373057,1
0.09556050896112012,0
0.2620931056693373,0
0.047161769682129935,0
0.4041260616452947,0
0.6608021688177693,0
0.94413697725274,1
0.925312480620016,1
0.09051689247980484,0
0.7534228298335337,1
0.1924300059527672,0
0.01651468540871671,0
0.20722511624996143,1
0.7556775753407655,0
0.5507261158063346,1
0.012720167882660874,0
0.8187046792052557,1
0.8945325111138948,1
0.686915316005628,1
0.3769000106278483,1
0.7711214988597528,0
0.8490714652773388,1
0.8969414353832891,1
0.06627222630956604,0
0.010293280163469866,0
0.18760871246052796,0
0.2626622473057646,1
0.06358557716836032,0
0.21000115918594275,0
0.018495061527114217,0
0.08504589224770955,0
0.044588426697223384,0
0.08971561112737757,0
0.8637857085823937,1
0.01739533488366673,0
0.10474328939460116,0
0.02355875058484076,0
0.0839059206742269,0
0.9373613631040149,1
0.8808523772958303,1
0.9437673088116949,1
0.6859673965861137,1
0.08962536916193017,0
0.54379348181298,0
0.03461382984259401,0
0.04462981957171911,0
0.05082017697162251,0
0.03605841748909806,0
0.9800254818172156,1
0.37349205537527513,0
0.19775020541748645,0
0.3130667225151584,0
0.255837981438089,1
0.3121021857137415,0
0.9305453322579454,1
0.05267145079108082,0
0.07113812052446897,0
0.6690779639952695,1
0.4809248400505883,0
0.8348500412234096,0
0.784921951756869,1
0.1331894697324009,0
0.9529239442937193,1
0.7415311114961904,1
0.5908116448845704,0
0.7961301009376138,1
0.6608271874238694,0
0.7715684526648712,1
0.9339644136690625,1
0.9274879934560181,1
0.03713280928282,0
0.01969805505296831,0
0.05984377245100796,0
0.43932475534274495,1
0.02991760291068793,0
0.08983490582438461,0
0.2548759267737125,0
0.1014686168694279,0
0.005479474836469484,0
0.3760174365174561,1
0.567935382633163,1
0.8602330137338423,1
0.24792253615070464,0
0.7333970354602501,0
0.19622455303575032,0
0.3356110035620648,1
0.010660343594013284,0
0.4109561103422627,1
0.6126145892996352,1
0.04913900851353881,0
0.6721085453180291,1
0.07848288956674308,0
0.6211312960975228,1
0.1055534940899588,0
0.09173039133370144,0
0.10730725898357622,0
0.5465446427185463,1
0.022377185019707233,0
0.8681860339092176,1
0.8059650993544343,1
0.7121409513408342,1
0.11669625008303901,0
0.026695072429197286,0
0.8268162491921341,1
0.005479474836469484,0
0.9148117737404116,1
0.013403526801619815,0
0.1571516674152302,0
0.6455303411389626,1
0.9684801413985866,1
0.9318382164499187,1
0.012552138059268081,0
0.08244665326451942,0
0.006754823050754458,0
0.20509571252415007,0
0.8422815005628556,1
0.9002571732154842,1
0.36137057560817054,0
0.4234328890411051,0
0.027510737262269203,0
0.8130074187685207,0
0.4760454887175939,1
0.9255011576499687,1
0.03150038903768283,0
0.17908301455639772,0
0.15546921321820734,0
0.841455031015055,1
0.5993373872068981,0
0.03942054699978645,0
0.030934083817284092,0
0.39664147971887204,0
0.6287868659653737,1
0.3385664754193475,0
0.6997004251580277,1
0.25584895784203276,0
0.014711709263888012,0
0.36513945030563216,0
0.04474230695271643,0
0.022930928100472373,0
0.015192141960104733,0
0.5657030497076574,1
0.07560789168418285,0
0.25477301831886423,0
0.007504477730788567,0
0.9552733133272584,1
0.9075229312386849,1
0.024527812461159114,0
0.6731160780760266,1
0.008850727414720132,0
0.054784469743484776,0
0.12864216049866498,0
0.899858501146624,1
0.8754271621464929,1
0.32415681355780535,1
0.19081421818622152,1
0.6618044839779119,1
0.07197822613368109,0
0.07040624883892452,0
0.7941331782403995,1
0.9034920965384059,1
0.0910198364344587,0
0.041891254769862135,0
0.9133911329119302,1
0.9653949857230227,1
0.04661064271513968,0
0.03551743114287831,0
0.905551728094121,1
0.8816518698095905,1
0.028656793782796702,0
0.8972041489247508,1
0.10780410756977968,1
0.02457483853615531,0
0.7499288710101335,1
0.8484746718855419,1
0.6694748857702217,1
0.03034169639950989,0
0.07207351765187527,0
0.935172321450138,1
0.06862777765020908,0
0.03490403151916403,0
0.9368892530535888,1
0.39160970532505546,0
0.7152149678387943,1
0.03919314670200829,0
0.6887056294012461,1
0.44323473914578215,1
0.8871581541290092,1
0.7206719948007,1
0.6675260505524829,0
0.8602556378729347,1
0.0161050782478173,0
0.01904019089360095,0
0.28208398208474655,1
0.023174311896996806,0
0.8492788764891787,1
0.023569860230081126,0
0.3403169465869907,1
0.24449476153910182,1
0.30167556592448086,0
0.911250317417539,1
0.9363205821995265,1
0.30167556592448086,0
0.04443358690139306,1
0.7386760037310962,1
0.053400883005037904,0
0.3033512433142867,0
0.047017408865067986,0
0.7877299279581156,1
0.014317452626022192,0
0.9361171957370041,1
0.7254147009907861,1
0.018648614324393152,0
0.024043698392183326,0
0.33273392429238086,1
0.812456963376205,1
0.8732899251057988,1
0.22189669162891118,0
0.8117956291499207,1
0.8011697606213526,0
0.4543272458846367,0
0.8797466924138403,0
0.09587740743908592,0
0.05826869586755877,0
0.024177643279124666,0
0.08791468010230155,0
0.25713434304050825,0
0.07880983050894383,0
0.1689435093663481,1
0.9520832051654489,1
0.015051883077444112,0
0.019505731875624925,0
0.014220493331247025,0
0.20207007369156407,1
0.0356650122255436,0
0.059506782776793846,0
0.3269595476029695,1
0.7077886316626828,1
0.23763209750362094,0
0.9173013856482942,1
0.058395090276948024,0
0.6947976908729727,0
0.263552412490693,1
0.9119058915690672,1
0.009332635246333633,0
0.14874227786801952,0
0.8586507909603099,0
0.7264262967659874,1
0.22602326319498714,0
0.6932069898452569,1
0.0443955518761284,0
0.8424896826402726,1
0.012019177842425819,0
0.01363202464374563,0
0.012685150645317247,0
0.606401143097443,1
0.009000271984851267,0
0.06260584627500411,1
0.05287479683036779,0
0.2329948673283429,0
0.12552248118306647,0
0.24505115179819487,0
0.38713935112216497,1
0.029983421286942518,0
0.930623792995573,1
0.10647027822764481,0
0.35343350874109136,0
0.5571182558624692,1
0.01952938774315621,0
0.20120736419164126,0
0.03250862509693227,0
0.00843316394577144,0
0.9270339014309614,1
0.09965875219859394,0
0.01359331741743188,0
0.08758438423680212,0
0.9739469581418746,1
0.06884853965049126,0
0.018947051051840344,0
0.1730974191252522,1
0.14378716392212604,0
0.07145105679974388,0
0.009195645684674089,0
0.03906187452112157,0
0.10334781905753401,0
0.00975187885779499,0
0.0201522568274063,0
0.15294140506436615,0
0.9128981447882992,1
0.8988467575823205,1
0.12472496549843773,0
0.18433302603053198,0
0.302063095493447,1
0.1152633396959564,0
0.2297999390189796,1
0.07748982435521863,0
0.9457984375962434,1
0.8006927110727873,1
0.017681655456860373,0
0.8650408001984611,1
0.10944670345980775,0
0.017380585057332747,0
0.5626185093561221,0
0.5856056263272198,1
0.9073928697447637,1
0.9287858214525706,1
0.30039640655562627,0
0.7549060926451535,1
0.08439876499547447,1
0.8434231886353276,1
0.019502655194483142,0
0.10792985112133438,0
0.5203269524438858,1
0.032539872612638555,0
0.11922552631994635,0
0.6613216467293849,0
0.006981193941041637,0
0.03324573446137337,0
0.7116829162205547,0
0.7337163359706538,1
0.1355455274145861,0
0.022596161019427012,0
0.05483741428564452,0
0.3534529604666614,0
0.8454447972785537,1
0.015624586525728379,0
0.7180459598884315,1
0.031839011823771926,0
0.03278697438579362,0
0.029964001636910802,0
0.009685106739108404,0
0.026678841982901425,0
0.33720076182592396,1
0.7814290530646828,1
0.8968529873011301,1
0.8590360700170743,1
0.6778522271349877,1
0.9366204306665755,1
0.7938744763746671,1
0.9229002939938911,1
0.05519165166110629,0
0.05301167918512335,0
0.22055102903355633,1
0.46552931529940844,1
0.8865597737066586,0
0.7094472530642261,0
0.7878156349885085,1
0.49306927611999746,0
0.9395561866587585,1
0.04742244601221923,0
0.6591539925377407,1
0.03849322745665408,0
0.9132758328603756,1
0.8505153317785504,0
0.3396263836373697,0
0.5244253607705656,1
0.9675614614957233,1
0.07951739276344019,0
0.7359891314115996,1
0.08656240862132364,0
0.10004081335263552,0
0.3004632715610055,0
0.9746168793394883,1
0.9305456240307656,1
0.8929233280291309,1
0.13781773856454774,0
0.33814162157301075,0
0.04901074837616787,0
0.34556732519770855,1
0.5922872232944031,0
0.8583590098883356,1
0.06789355992021755,0
0.9387386906035126,1
0.038145788245542225,0
0.032993038670112766,0
0.03153803145949933,0
0.6648300129282807,1
0.943843794169067,1
0.008676425975609468,0
0.6718336918707172,0
0.8400812779745086,1
0.1393842542189236,0
0.9744444999313803,1
0.09924494622397909,0
0.013258346623380799,0
0.5503183081970267,1
0.6608663031527715,1
0.14295835855699307,0
0.06412985510315407,0
0.4073695731028616,0
0.749357527715133,0
0.9193036306127371,1
0.06791472615120439,0
0.20072827023501666,0
0.11313583669582153,0
0.6738261947833574,1
0.008335986099921353,0
0.01626918408753367,0
0.01202563403811018,0
0.7340991517058775,1
0.01120886420307925,1
0.024897969750605597,1
0.01787881078983477,0
0.09313487138048654,0
0.02173431727669267,0
0.12289245978409014,0
0.9223089011115924,1
0.22080562497484962,0
0.9060933805780588,1
0.8922494459845677,1
0.22334514769626704,0
0.05574699165659587,0
0.07825712601519864,0
0.7741753544436375,1
0.015613740882035886,0
0.21375574822961413,0
0.024994266646977688,0
0.027901475187368983,0
0.603154652564352,1
0.7072982285492354,1
0.7817185779871424,1
0.01237553661884187,0
0.5362433775870996,1
0.047336895767937696,0
0.020825529499313496,0
0.38095898714148124,1
0.92449427672822,1
0.009422644600412835,0
0.14785122303656026,0
0.3601846885675388,0
0.03813661594326897,0
0.013471585318630052,0
0.18550649372566724,0
0.6619009641636634,1
0.0365341947058204,0
0.42797025717834264,1
0.037320619300567036,0
0.8623880458945982,1
0.9101294933224093,1
0.5233214149641305,0
0.009231237197052647,0
0.7630696451035852,1
0.5531840842737097,1
0.0960450112900174,0
0.5107454955727666,0
0.5185819456210412,0
0.7791568844017891,1
0.16961834394320333,0
0.012278136316970209,0
0.6427611686688547,1
0.9617586565356758,1
0.10915308640651877,0
0.8523311106313216,1
0.21776594763796547,1
0.04100719901835122,0
0.26697500831461435,1
0.08481126431192292,0
0.7272564099589431,1
0.07894754812538547,0
0.16022411064893352,0
0.013210077565566946,0
0.6102898079501287,1
0.06881336812339842,0
0.801902996808022,1
0.025032021933184274,0
0.9529930033391644,1
0.2846221150037439,1
0.6331843207265444,1
0.684162540257447,0
0.5416136969893309,1
0.6512035645433465,0
0.7539760691734293,0
0.541711115019023,1
0.05423959055715033,0
0.7838114888946082,1
0.23457341958959782,0
0.1197359191730184,0
0.0996800576914331,0
0.5375665692309296,0
0.060497364663795426,0
0.045040581067301695,0
0.9274687221995063,1
0.4815062938743244,1
0.8416690265943684,0
0.26146427681322,0
0.08389688924897962,0
0.11542990436402337,0
0.761092888947575,0
0.5403316714019002,1
0.7415121840398162,1
0.006329796071977862,0
0.08656624945154423,0
0.152746481511353,0
0.11222135868696011,0
0.024562137957967127,0
0.4507063120251358,1
0.9067387604252215,1
0.9066746999805909,1
0.22044207673651717,0
0.9746391293081172,1
0.9619466076092896,1
0.8369754848144118,0
0.5886042036035752,1
0.18507677483662713,0
0.651528381010735,1
0.2888732497857771,0
0.6912278830525658,1
0.8645715872661068,1
0.6170370958380011,1
0.017265219927402587,0
0.0452832283641959,0
0.011225026194734398,0
0.4736565721271437,0
0.5262900452164072,0
0.03601472670116639,0
0.043055534782680496,1
0.22818847254703525,0
0.02461570798941152,0
0.7371618899918384,0
0.47895856314815594,0
0.12907394846296089,0
0.6773882107038839,1
0.2750465735074699,0
0.28477640611946137,0
0.8792960480089302,1
0.024572328080988987,0
0.05496295087737578,0
0.552990239891886,1
0.198479608323581,0
0.0753517702273417,0
0.04063333677644527,0
0.0748097368330721,0
0.5794513132875705,1
0.2680415047527338,0
0.07703261923304743,0
0.4091898028944015,1
0.00889361159175258,0
0.01848338898622726,0
0.23695993065943136,0
0.8759999097379098,1
0.7455752420652253,1
0.06530090936751878,0
0.9203516308731517,1
0.08667014836826809,0
0.8109713068190578,0
0.042728132682205364,0
0.8628739915537162,1
0.48549221494680983,1
0.952087950258768,1
0.12029357242452703,0
0.01818647917838405,0
0.043751041490749834,0
0.01379750595532856,0
0.5774979630904352,0
0.3998500788549391,1
0.8268802745667742,1
0.05306175580354786,0
0.8923917231852423,1
0.17182422327909977,1
0.26177782444329895,1
0.13770659101697597,0
0.48323298101165924,0
0.024072201521723274,0
0.7329620798170045,0
0.682182743578746,1
0.7748663711515908,0
0.03143579208299919,0
0.868657629020699,1
0.9448319952904848,1
0.6054069250294032,1
0.010477876111334751,0
0.024544423472208744,0
0.8550729438833594,1
0.15081526311910948,0
0.857190692240092,0
0.5428508281616974,1
0.1502902984690455,0
0.5919533622632728,0
0.0880833389892281,0
0.009133652343765543,0
0.9560467639487206,1
0.03733089245787523,0
0.9376006072091807,0
0.17791075055156386,0
0.2389745087386746,1
0.020009651721336928,0
0.09313732314725917,0
0.25203194236979565,1
0.0294994573848474,0
0.08157313525469422,0
0.8349932628919337,1
0.7832754481980709,1
0.8408792520269157,0
0.15596048962346315,1
0.013598374403154695,0
0.9114260947861101,1
0.43313792484644453,0
0.05374041956021234,0
0.45286248683995944,0
0.9389293679879757,1
0.5649344297198333,1
0.034830434203089775,0
0.04824290819975071,0
0.038357340158394045,0
0.6632911288551078,1
0.04058119841868193,0
0.11163339165650932,0
0.07409061804991138,0
0.03586381882465003,0
0.9299730758368042,1
0.16287701916887337,1
0.023039046403023823,0
0.7176233564995904,0
0.5354792215588374,0
0.4723348985675665,0
0.010970873505903183,0
0.9552989475467882,1
0.8062975059705384,1
0.13478073522453177,1
0.0842628877065346,0
0.011441596181720816,0
0.006325180510660916,0
0.6231504571484866,1
0.7183988517939272,1
0.28472834266674363,0
0.6507347766954391,1
0.027914457696667217,1
0.9512167504894163,1
0.14623285223829247,0
0.39386826371900685,0
0.7536401737240934,0
0.9559654580328607,1
0.010231706886979,0
0.14469363005507582,0
0.006739253293281368,0
0.8569464311808994,1
0.5520300479204499,1
0.09357792556580655,1
0.7361837305529103,0
0.684777574923529,0
0.045256888782462534,0
0.2788110610056457,0
0.008922426827410773,0
0.9572683486469036,1
0.41459403278585627,1
0.0591633161646735,0
0.02057710115171613,0
0.05180845837509246,0
0.02110222802606614,0
0.29006295650737113,0
0.6313419036960056,1
0.030602151743989746,0
0.13153855398157066,0
0.010289787148900529,1
0.08182451746489997,0
0.29833460140562185,0
0.2661155460487208,1
0.1310388622845142,1
0.07295963422202824,0
0.5436566658740737,1
0.10532527186781346,0
0.5685842232122023,1
0.8480288589380398,1
0.60914008777172,1
0.8953081050641319,1
0.03403248621595874,0
0.2350787079755748,1
0.8858284868330125,1
0.47717911105490085,0
0.023583894582961635,0
0.009006840895757724,0
0.010808555650522546,0
0.7142798537132263,1
0.01875238413697227,0
0.006230641463419528,0
0.5666285429466119,1
0.53460970017226,0
0.014999265549072053,0
0.08316453446643476,0
0.9172815119036406,1
0.5023993116608413,0
0.7927512465369457,1
0.9295825180738401,1
0.9512030215982767,1
0.845716063298639,0
0.03331857459033609,0
0.9363474854683738,1
0.02199940059885769,0
0.8811653135322096,0
0.25911168311106925,1
0.29754423990462814,1
0.019519879794992902,0
0.2173839171448903,0
0.23085021912975442,0
0.1439788164753169,0
0.01710392655835051,0
0.414306744073334,1
0.14762165217729267,0
0.6398689706708868,1
0.02926923439329517,0
0.7755443940568608,1
0.9802206594905274,1
0.6417306395147591,1
0.717279863931876,1
0.8431805599689532,1
0.8912024297614526,1
0.05040484801932151,0
0.1061287357952105,0
0.014703215255066501,0
0.09034591583451128,0
0.03310699469070981,0
0.021515529400312972,0
0.45296000368106515,1
0.9508293205746463,1
0.914253936703318,1
0.24913691044362613,0
0.06590948477168593,1
0.23432064452449394,1
0.8715179345402764,1
0.2817376269383763,0
0.04731328315915727,0
0.08492872597285803,0
0.9257427579794362,1
0.18061696570157001,0
0.42963258512992875,1
0.02710285073074607,0
0.012263635550492652,0
0.12724287693270458,0
0.023262380270664844,0
0.38950727848801614,1
0.23136655265392161,1
0.09460623610165232,0
0.05424405670067199,0
0.040977362629032586,0
0.8951591615658405,1
0.8364907314052626,1
0.03366631045311448,0
0.11928183669202126,0
0.082473590006194,0
0.9242737828710735,1
0.1569038165978679,0
0.3327650824199329,0
0.9210231004225948,1
0.14100809330307726,0
0.11494452861314852,0
0.01564672636001786,0
0.6803412166839153,1
0.865946586434017,1
0.08221702689296351,0
0.8400974280882332,1
0.06750718290883288,0
0.6450500722513975,1
0.8665513497467648,0
0.011967103654660477,0
0.09504247889315096,0
0.9080768637228254,1
0.8066599995738238,1
0.020777224609791457,0
0.7874680760829119,1
0.04433872747405832,1
0.16235416458595037,0
0.017970953619062667,0
0.04242413427357998,0
0.019437665921036355,0
0.6091973122608636,1
0.025930395667580746,0
0.39269869468769947,1
0.09234037804440202,0
0.9231392188594023,1
0.067202068479268,0
0.010700911196037926,0
0.02434782900325517,0
0.026623107521434937,0
0.7595941132444086,1
0.012450978119624517,0
0.6027847848994291,0
0.05634271822879461,0
0.49051556252107364,0
0.012950724768008398,0
0.5055153531526387,0
0.5053881568805334,1
0.35733461045667364,0
0.019859697609117495,0
0.48246792692798224,0
0.29415658963066826,0
0.036112707149063936,0
0.05443411880023381,0
0.06436810097007928,0
0.027516483747154714,0
0.920043448464624,1
0.012178594338227131,0
0.9246817460912051,1
0.0155261279900439,0
0.5504973328621168,1
0.19874650192187582,0
0.24053257622796226,0
0.011968433372730564,0
0.016139056979445128,0
0.01397124450623705,0
0.03536721593985744,0
0.028306163444356686,0
0.07454005916288786,0
0.6610726124815333,0
0.7350579322764943,1
0.27953538379023196,1
0.026980749538497377,0
0.8516633233857338,1
0.04076629925456794,0
0.053564363202422006,0
0.72643247796563,0
0.3347004778001176,1
0.7206303340507274,1
0.41578144002134143,1
0.8674503879243846,1
0.04065817606248605,0
0.046250162199607335,0
0.2985367422622352,0
0.47649968171396234,0
0.01733336031544729,0
0.05372182694975088,0
0.28165161253311777,0
0.04303899792079161,0
0.9401799721514557,1
0.23398885255329435,0
0.1720154177390858,1
0.4802649026303545,0
0.8409437466416587,1
0.8301552294307806,1
0.2610547084691751,0
0.9061160802018499,0
0.5134022293768881,0
0.881896148025452,1
0.2596259332050521,0
0.913172983087523,1
0.006188991931644327,0
0.03581534720264501,0
0.8726200152538066,1
0.6384575524765677,1
0.1838068288473959,0
0.0962013724679589,1
0.1476744928478559,0
0.01204193996160436,0
0.27472617856885134,0
0.7174604448150439,0
0.9248610399379391,1
0.9592785811696061,1
0.05755425475200795,0
0.006352864924088893,0
0.34448734072093645,1
0.3997139524798637,0
0.8985510424958303,1
0.03092968258829008,0
0.065160611533025,0
0.3428178272877396,0
0.0848742471602809,0
0.2232290143018129,0
0.022251626332477854,0
0.013784110447708475,0
0.9190988702101042,1
0.08027137513882057,0
0.7335590804429633,0
0.00701365465040261,0
0.821158514914855,0
0.09247830042944037,0
0.5251191154333829,1
0.41972740035628464,0
0.02139297972340657,0
0.07707938705362732,0
0.27058867604584813,1
0.15529861442702908,0
0.956260485416476,1
0.014381705816001063,0
0.1363280963214462,0
0.33656969333931197,1
0.05597310663391354,0
0.05231398520056607,0
0.08355073914603552,0
0.027877322419626243,0
0.13355697544339795,0
0.10852970351997109,0
0.6908789139885225,1
0.4331181059658065,1
0.04954609319219043,0
0.8719997598815284,1
0.8437422380202513,1
0.2662052464211693,1
0.7505178963863638,1
0.19262463484423684,1
0.8874422450818897,1
0.4097771345569902,0
0.8417041642606738,1
0.9117637629806665,1
0.15809313791860666,0
0.2323440956569994,0
0.02046783584843941,0
0.17185135834562687,1
0.9545275704956682,1
0.10915294807385915,1
0.011176557725135228,0
0.05151509884588838,0
0.012968046764965907,0
0.06458344760010745,0
0.006534508458417065,0
0.9314306737641118,1
0.9243850856474062,0
0.16199872267210272,0
0.027279283801504035,0
0.36282477489728604,0
0.048036532909376276,0
0.10576040897423264,0
0.27486568825596736,0
0.030141383896394335,0
0.026809044391277043,0
0.04877373574838635,0
0.01110810063107293,0
0.4848072214697641,0
0.8117698156193984,1
0.030903461398858512,0
0.8901606432950692,1
0.15907023496143918,0
0.1117700661051025,0
0.011147282609220247,0
0.9515568893513094,1
0.009409763281578328,0
0.7935824031094523,1
