target,prediction
0,0.02377184728713747
0,0.02201859118047154
0,0.06225995410558116
0,0.6218945444329063
1,0.9197011240647776
0,0.7673392209039975
1,0.8295785285006442
0,0.04648130393514083
0,0.024241030943911137
1,0.02549476059512833
0,0.13571254481270437
1,0.9179183638587122
0,0.6583294319827651
1,0.7051996215386025
0,0.06831753479429546
1,0.23923417558171464
0,0.04343101411597898
0,0.046820057676347976
1,0.8897605317423373
1,0.463433108580612
0,0.04120896100787111
0,0.024241030943911137
0,0.024241030943911137
0,0.030003421328071295
0,0.19972611540107094
0,0.02494491624795455
0,0.03148627838126014
0,0.02192910616916169
0,0.027286600291544786
0,0.08729680878496267
0,0.11223480338228975
0,0.09327533820710543
0,0.8766300439804644
1,0.31517849932215525
1,0.24461644469677474
1,0.7862101718311088
1,0.6938251700684038
1,0.9047506665913552
0,0.13938535685810105
1,0.6951209012201318
1,0.8680792146965559
1,0.8915152831014954
1,0.8586494861168068
0,0.024241030943911137
0,0.09967073912744773
0,0.02201859118047154
0,0.02201859118047154
1,0.9310502014214038
0,0.03521671101427971
1,0.42346244165161273
0,0.0731370745874965
0,0.0708039132894103
1,0.34242121985107354
0,0.5576243622955324
1,0.8968544483974126
0,0.09835833038904501
1,0.8701168883258991
0,0.023155769092106614
0,0.026356426466858342
1,0.9222193231795422
1,0.6804912283135459
0,0.12127327391258758
0,0.26648564379614936
1,0.5644304199121231
1,0.5744432147734021
1,0.9173910301093843
0,0.0334772390938829
1,0.7688911817918115
1,0.3879463385600899
0,0.10960545858063626
0,0.0712910589024342
1,0.31062519320998494
0,0.20704288054721354
1,0.16387827190930393
0,0.6534409997123765
0,0.030425222194913493
1,0.8003124596193241
0,0.06586889383211436
1,0.7440621053800377
1,0.8211593560206583
1,0.7785510665116365
1,0.9259390612875973
1,0.5229394510423925
0,0.8596749924778516
0,0.21552449387810943
0,0.5238652889208611
0,0.04267946915634345
0,0.024241030943911137
1,0.930098255209434
0,0.0420774821780304
0,0.031798015467067696
0,0.033928612271024255
1,0.9069951989982743
0,0.13901946618748684
1,0.5890368611771395
0,0.13498525987142793
0,0.13498525987142793
0,0.026320507376137225
1,0.9310502014214038
0,0.02201859118047154
1,0.8683480588712739
1,0.14615488782396188
0,0.03966727226775913
1,0.3146974135395134
0,0.02339983750411395
1,0.9258139436543369
1,0.4266376694935453
1,0.9137827296351388
0,0.024241030943911137
0,0.04841068461767012
1,0.6907066204700587
0,0.5005982866852624
1,0.6559218044718929
0,0.11248710152245686
1,0.5673882469241186
0,0.03726821912363633
0,0.5791650778610425
1,0.9310502014214038
0,0.023155769092106614
0,0.03385310862344643
0,0.02201859118047154
0,0.03437075700050533
0,0.13981058874069024
0,0.09423611403166826
1,0.15844827620297222
0,0.02070043496542979
0,0.06840136815637235
1,0.9238708119058291
0,0.06852232930892528
0,0.33222677580564614
1,0.6918749733069296
0,0.02510263670634121
1,0.9226965988299186
1,0.9262982214809306
1,0.8739536191582843
0,0.048178846811913985
0,0.02070043496542979
0,0.04316624723316818
0,0.02201859118047154
1,0.702503748127038
0,0.11002437812648039
0,0.6930016750161822
0,0.11947729284793833
0,0.3577609875241632
1,0.6472412193711575
0,0.02111175162101952
1,0.4551582812150376
0,0.05201299853084295
0,0.01995123239674107
1,0.39947517149797696
0,0.02201859118047154
1,0.9310502014214038
0,0.06534556910379888
0,0.0196757113886172
0,0.6739725214667641
1,0.6894346343008619
1,0.9281297709078329
1,0.6309533158661595
1,0.118024706060496
0,0.054991017697368486
0,0.13498525987142793
0,0.038341361790520695
1,0.734185322741461
1,0.4187952850004603
1,0.7130927855261623
0,0.04609875808513081
0,0.8683630502027675
0,0.5753258868858129
0,0.686635044403863
0,0.35114542129969767
1,0.9073037725559127
1,0.6879541841419419
1,0.7728817977874252
0,0.16772774404663568
0,0.4610096395982445
1,0.07654560163567185
0,0.04699751067597251
0,0.0196757113886172
0,0.4938937695158498
1,0.028926452423835028
1,0.2646105885565712
0,0.074244555882151
0,0.268245742409676
0,0.04439475358308043
1,0.8525105469719582
1,0.7749064914656728
0,0.03005464918444587
0,0.046882278596816394
0,0.43423103098691784
0,0.11905641414195421
0,0.020103144329180797
1,0.5676142122436847
1,0.9292386149103636
1,0.2670059159993703
0,0.435200813910344
0,0.02325531628613597
0,0.027286600291544786
0,0.02494491624795455
0,0.024241030943911137
1,0.6241142527712292
0,0.08873196086826021
0,0.04532389193152763
1,0.2583223217537854
0,0.2791739182896219
1,0.7209064468083323
1,0.8135783353930409
1,0.9227025694779643
0,0.0196757113886172
0,0.14524948439579993
0,0.046484585674342674
0,0.01995123239674107
0,0.02070043496542979
1,0.8957456115565668
0,0.4698588110806658
0,0.04401800377506547
0,0.05562730663721142
0,0.06000337064085036
0,0.02070043496542979
0,0.03539064710278225
0,0.027207524222670698
0,0.12913281107579733
0,0.11450375986590063
1,0.7029337133850914
0,0.5919505004441857
0,0.2523990941821674
0,0.03648593419574422
0,0.5568302808803403
0,0.3098177107793148
0,0.2562753965602247
1,0.6188485518875732
1,0.6039248594289534
0,0.037142720373606566
0,0.025902599829477964
0,0.024241030943911137
1,0.9243949524640336
1,0.843655117021921
1,0.6450026661230054
1,0.10132277420064917
1,0.8300269172663454
0,0.49281152201977807
0,0.03228281570484352
0,0.0259294597261087
1,0.7509058766630896
1,0.859278172125507
0,0.7825428983899595
0,0.01995123239674107
0,0.0259294597261087
0,0.9264372005319729
0,0.03646361253424787
1,0.6858966530119008
0,0.02201859118047154
0,0.08112321378162173
0,0.02070043496542979
0,0.09598796021309904
0,0.5748565344437714
0,0.3742115895782277
1,0.9115095818680099
1,0.7567046658200465
1,0.7052365281002537
1,0.2960315853157287
0,0.029143718072086124
0,0.1839518682881669
0,0.01995123239674107
0,0.08958714587172949
0,0.3811509658911983
1,0.8434539955523377
0,0.8851226622670312
0,0.7504620836700008
1,0.9301004944525504
0,0.04288271075278397
1,0.6718500082616524
0,0.026582811469251625
0,0.01995123239674107
0,0.9044472192407449
1,0.691538561011552
0,0.01995123239674107
0,0.08965130905435514
1,0.5889838091363846
0,0.03174139311098761
1,0.6293115058603644
0,0.03542994502444869
0,0.44870632777214126
0,0.02201859118047154
0,0.02444631331913498
1,0.48051868573747086
1,0.7849762344757502
1,0.862662596120576
0,0.6943468325367422
1,0.827041266609947
1,0.9243949524640336
0,0.02572128288930305
1,0.7298070823443923
0,0.020407967713312748
1,0.31083462044349874
1,0.9118756052630859
1,0.9224016923211069
1,0.9214085837850575
1,0.6903190589535992
1,0.9156778043739483
1,0.806878463600933
1,0.5334347818895117
1,0.7208168482112591
1,0.9301004944525504
0,0.08158739970142785
1,0.9243949524640336
1,0.9227025694779643
0,0.09540876104105599
0,0.07027137967135068
1,0.39654698267644306
0,0.050483139403815616
1,0.8388526718665071
1,0.7035801508820001
0,0.08071303939270486
0,0.030828831332275375
1,0.32538464176595794
1,0.3057699347981087
1,0.9036204378924179
1,0.4578224474613328
1,0.7641848450520743
0,0.12814914340657194
0,0.12299728703735688
0,0.897629809214815
0,0.44910558543047885
0,0.5581317979297994
1,0.926950339185077
0,0.024048004590448233
0,0.024241030943911137
1,0.7594289796475993
0,0.36498414622843445
0,0.0365921702135038
0,0.02367908106709565
0,0.507408974654916
1,0.3731929829902678
0,0.0196757113886172
0,0.024582923245445105
0,0.04251777558938441
0,0.05534057676291948
1,0.8908793037587066
0,0.02070043496542979
0,0.040497565728897476
0,0.02070043496542979
0,0.5716143964133744
1,0.9173611996563626
0,0.4208732061618385
1,0.896824294944734
1,0.8912367688945171
0,0.2759624008975256
1,0.28649140389394023
0,0.25065856044357177
1,0.9172550416218201
0,0.02201859118047154
0,0.04576186790244423
0,0.01995123239674107
0,0.22756813199143702
1,0.7337243818360125
0,0.027782659258831586
0,0.04675789537392419
0,0.01995123239674107
1,0.7754301828873512
1,0.7148861273573901
1,0.09111596637174892
0,0.10825535785425054
1,0.24937169335776735
0,0.024241030943911137
0,0.5521135909857203
1,0.9311358116939179
1,0.6265152889402685
0,0.02201859118047154
0,0.8942085474865435
1,0.6009018165443292
1,0.5610628894032996
0,0.0196757113886172
1,0.6766420274341225
1,0.6703350417843241
0,0.02201859118047154
0,0.042958407479617176
0,0.1282936982950587
0,0.024241030943911137
1,0.9013376374820499
0,0.04323218820939051
1,0.0777277459919715
0,0.14524948439579993
0,0.6667958735016105
0,0.024241030943911137
1,0.9292386149103636
0,0.02451514553207335
0,0.7257808162635735
0,0.027601691423693706
0,0.07967727425975789
0,0.02958687939492824
1,0.8724806775131717
1,0.7893049984984728
0,0.02602427719717834
1,0.676398706928503
0,0.02110168936719389
0,0.028339021468850003
0,0.06526435868915778
0,0.14028152445017356
0,0.02070043496542979
0,0.01995123239674107
0,0.031242905078211283
1,0.45398926123278305
1,0.9037647502328439
0,0.02566585987329855
0,0.8423213310762424
1,0.4775931365188873
0,0.03005464918444587
0,0.03238938887989235
0,0.07305343932240091
0,0.026178822902388144
0,0.6509315819574882
0,0.02070043496542979
0,0.020815720208505653
0,0.03005464918444587
0,0.4796397246205363
0,0.030647618833461766
1,0.663866754941038
0,0.02493369375757774
1,0.9173611996563626
0,0.7081085443501237
0,0.02559817150934722
1,0.3593573883412401
1,0.7487434162707339
1,0.9271524810053423
0,0.5239159579986057
1,0.9055372659593208
0,0.021459188447913075
0,0.07905564668260143
0,0.02444631331913498
1,0.6632329794754757
0,0.6989073521936128
0,0.0765250365582136
1,0.5133269214659644
0,0.021459188447913075
0,0.024128321393962735
0,0.0196757113886172
0,0.28325559902768194
1,0.7719889172978961
0,0.01995123239674107
1,0.9113391220357134
1,0.4519748951859607
0,0.44438041274693696
1,0.9072923872669962
0,0.07838849186234015
0,0.13498525987142793
0,0.064222708610699
1,0.9301004944525504
0,0.027286600291544786
1,0.9310502014214038
0,0.7229113105473179
1,0.03740973747998856
0,0.02627470320765958
0,0.02559817150934722
1,0.8873241812764996
0,0.12757249084964398
0,0.024241030943911137
0,0.09185630339401071
1,0.26990737599537473
1,0.9220351850916264
0,0.1296621421766949
0,0.4268339403931974
0,0.01995123239674107
0,0.05266561458448636
0,0.052973392465457535
0,0.33196724470800953
1,0.7431461104994227
0,0.9301004944525504
0,0.13498525987142793
0,0.7846710868107306
0,0.044709694486792045
0,0.3323646883128187
1,0.3858297657142595
0,0.3812525749538283
0,0.0801326034546219
0,0.0812803230782663
1,0.5311867532187841
1,0.9069156024762358
0,0.061041241432753766
0,0.3385439417025272
0,0.1326938525871096
0,0.02070043496542979
1,0.11985601956245799
0,0.04994456020585404
0,0.030929647647090264
1,0.9237797026241067
0,0.9073670179224723
0,0.04263470059384473
0,0.030344462956668948
0,0.6917851312990795
0,0.08651415299611098
0,0.07241593213950365
0,0.09134401963982092
1,0.8550307395104626
1,0.9301004944525504
0,0.7528658646447892
1,0.9137827296351388
0,0.024241030943911137
1,0.26880539756962657
1,0.9041491912162419
0,0.02070043496542979
1,0.8886231904110532
1,0.793862896200604
1,0.24759598362154028
0,0.48683916578591624
0,0.48969454564807524
1,0.7806440800498848
0,0.1077917048227983
1,0.49498552934255813
0,0.14524948439579993
0,0.14524948439579993
0,0.3274311713678009
0,0.3958956636047331
1,0.8597795757124482
0,0.01995123239674107
0,0.11110113250411677
1,0.9229394335114998
0,0.1507165931843606
0,0.07759203282005164
1,0.9301004944525504
0,0.49883423091449347
1,0.9115220759716035
0,0.030363027614919963
1,0.8775742620029048
1,0.912557742032142
0,0.07060784280603301
0,0.020083463883810104
1,0.10379214055896158
0,0.550897216990233
1,0.8358095630819378
1,0.9096913358817443
0,0.6055454359412332
1,0.8924065587716077
0,0.020083463883810104
0,0.025902599829477964
0,0.02070043496542979
0,0.024241030943911137
0,0.11744100749039584
1,0.9165220443873903
0,0.02045961332953071
1,0.6886092935679605
1,0.624053613000581
0,0.49216412149135974
0,0.0708039132894103
0,0.2573409087991596
0,0.0196757113886172
0,0.059762371686524464
0,0.07585578229951136
1,0.7828995331976452
1,0.5728928314020193
1,0.6524708612693055
1,0.9147002961778917
1,0.9144956755238519
0,0.10810000680113026
1,0.08729008990488629
0,0.09102975253877213
0,0.2728518829354919
0,0.024241030943911137
0,0.12878983216307477
1,0.9310502014214038
1,0.9208548092033813
0,0.6283504306130879
1,0.8727295284157466
0,0.025207729612212692
0,0.07850384762387319
1,0.672998784684077
0,0.05778370762750941
0,0.024241030943911137
1,0.9030325207472629
1,0.0481398405212014
0,0.10926690291007572
0,0.0730910031335799
1,0.45372167484487463
0,0.027078423454739146
0,0.024241030943911137
0,0.2263166987770068
0,0.020479293774901403
1,0.8872003796522976
1,0.08951173866894829
0,0.024241030943911137
0,0.023397588605542384
0,0.024241030943911137
0,0.1265795263142797
0,0.024241030943911137
0,0.07336406701562091
0,0.27531029393620493
0,0.026035802025768495
0,0.02070043496542979
0,0.345249272906704
0,0.7893670078223368
0,0.8162604915980909
1,0.5968422365890037
0,0.38889530944465633
1,0.9246531051826181
0,0.46904416035218927
0,0.11592711093339389
0,0.024241030943911137
1,0.8519142717684404
0,0.028374626659782007
1,0.6713681804998464
0,0.7351643830120875
1,0.9263434424467069
0,0.0196757113886172
0,0.07650120943328102
1,0.7128080587711095
1,0.6688822408604121
0,0.15350989500451678
0,0.03469539819406145
0,0.6419776176761292
0,0.02572128288930305
0,0.1446036693459414
1,0.6740423944071519
0,0.048720650261558224
1,0.9179376521407909
1,0.9246531051826181
0,0.1556013765900202
0,0.11175552615000273
1,0.05192652756872836
0,0.049902378363732416
0,0.02201859118047154
0,0.9234604801223304
0,0.022934361902251475
0,0.024241030943911137
0,0.02070043496542979
0,0.2847157690848484
0,0.027602679455085
1,0.9310502014214038
0,0.02201859118047154
0,0.07118745708466037
1,0.5692807577908999
1,0.6526375915767242
0,0.02444631331913498
0,0.06851768960703244
0,0.13498525987142793
1,0.9310502014214038
0,0.022006157281874925
0,0.02942623649739016
1,0.6466328372546055
1,0.3510538325549256
0,0.5869051671891496
1,0.7499293833212066
0,0.4332819242870232
0,0.2708721385140337
1,0.9055329696687286
0,0.09482798508889576
1,0.07736438592046596
0,0.024241030943911137
0,0.3632360236084812
1,0.3223681308329915
1,0.9191457384853255
1,0.666960831599851
1,0.9192212363822811
1,0.8809828234656221
0,0.052143174736905516
0,0.8229461886054312
0,0.46144710932172667
0,0.02201859118047154
0,0.02572128288930305
0,0.02201859118047154
1,0.7076729924506555
1,0.7354014385294273
0,0.2499852202751187
0,0.2107599518545479
1,0.7484831190670841
0,0.07300808647404133
1,0.78031939505318
1,0.5196344760746181
1,0.46556609419968353
0,0.4596900742411762
1,0.6775822534020498
1,0.8589862198810713
0,0.9246531051826181
1,0.6781484320515031
0,0.2530911052279505
1,0.5757539265114437
0,0.07637669575129111
0,0.06319365568594403
1,0.9031025644809132
0,0.03051852486533732
1,0.7864087836672985
0,0.02692585495392386
0,0.01995123239674107
0,0.3880493554205677
0,0.02070043496542979
0,0.5277443684174785
0,0.4781720491016087
1,0.04070940632286742
1,0.9131998835809673
0,0.024486966727965288
0,0.020051860834337805
0,0.14876502821860293
0,0.34047594174976914
0,0.2894487958005449
1,0.9117401453873649
0,0.26952613788224944
1,0.8801366114900482
0,0.1564801085499697
0,0.02603648223884544
0,0.01995123239674107
1,0.26747359183793157
0,0.0761765884178301
1,0.9129957198600297
0,0.024241030943911137
1,0.2527655118776865
0,0.040511565840942246
0,0.2072394047476173
0,0.3837158828535582
0,0.026268795606538404
1,0.9271524810053423
1,0.6851231316756743
1,0.9243949524640336
1,0.25218175627083567
1,0.736617374428059
1,0.9188609569337217
0,0.4758276202750431
1,0.6358348489105207
0,0.20402421650330274
1,0.1934259927984418
0,0.07215416991156381
0,0.01995123239674107
0,0.034072804459012604
0,0.026649729545534972
0,0.03781681468055541
0,0.9271323611034297
0,0.6845545095338931
0,0.042642814979122694
0,0.13498525987142793
0,0.7361681804091353
1,0.7648780018939656
0,0.30029340759399975
0,0.030425222194913493
0,0.08287557257916159
0,0.024241030943911137
1,0.8701219043202832
1,0.42491927626024023
1,0.577518248748377
1,0.020051860834337805
0,0.02070043496542979
0,0.04008361808213125
0,0.02515628832108408
1,0.8786889646898602
0,0.0324660217591493
0,0.8322485117597156
0,0.24282516604999024
1,0.42963996017756073
1,0.8213475000092507
1,0.9310502014214038
0,0.030425222194913493
1,0.4548816448108478
0,0.02111175162101952
0,0.024241030943911137
1,0.6914397844097353
1,0.7254761132313026
1,0.6933264239522715
1,0.9176193099387506
0,0.19744885899347217
1,0.09335445318447985
0,0.02664697650917343
0,0.9002440466996324
1,0.8488968188767173
0,0.04201098565427182
1,0.9311358116939179
1,0.692318211319034
1,0.7149635294406329
0,0.0196757113886172
0,0.02201859118047154
0,0.5858970226838812
1,0.6384667756091654
0,0.06294725057117725
0,0.45675203914228246
0,0.25885882072729705
1,0.9294742588801305
1,0.5139469073216607
0,0.04045869686035641
1,0.6841498757447926
1,0.8426123415052815
0,0.02201859118047154
1,0.9310502014214038
0,0.22359345563238367
1,0.9099881224069677
1,0.700479909922753
0,0.026630705986074258
1,0.887347508768408
0,0.4045116405163894
1,0.9302326376966046
1,0.47273781078529103
1,0.5118445361105773
0,0.199903316745246
0,0.03854094970102071
1,0.8829401381871032
0,0.02110168936719389
0,0.08604760816454822
0,0.11370938992560853
0,0.02070043496542979
1,0.795114630563403
0,0.033155407831309804
0,0.1039840250512696
1,0.9057674291075153
0,0.4027455461899
0,0.15120008498647325
0,0.6324682895131606
1,0.921518553693193
1,0.713929664869367
0,0.0549207264489979
0,0.16430668364995188
0,0.23814208738744633
1,0.9310502014214038
1,0.9301004944525504
0,0.0196757113886172
1,0.6200369105876896
0,0.5369712051291591
1,0.29736697335041207
0,0.0544129715532265
0,0.21390330503784577
1,0.8827254630239596
0,0.04395194132833885
0,0.04018638223041901
1,0.8767983001299905
0,0.34283836290235664
0,0.0196757113886172
0,0.024241030943911137
0,0.024241030943911137
0,0.024241030943911137
0,0.025806634771583754
0,0.02070043496542979
1,0.7646949397043977
0,0.0196757113886172
0,0.20218556817210326
0,0.5022211737341947
0,0.4643326597822582
0,0.026100485104542253
1,0.6263403202798411
1,0.6212470027933965
0,0.023155769092106614
0,0.45004452359161534
0,0.022657677512551745
0,0.24874861714850538
0,0.024241030943911137
1,0.08979975569644458
1,0.46575790996217525
0,0.28898208210748283
1,0.9310502014214038
1,0.6735239207121058
0,0.09606074424725894
1,0.2503548392251416
0,0.01995123239674107
0,0.2079654807421678
0,0.03242537116288707
0,0.15482379180212438
0,0.04841068461767012
1,0.8111868228544666
1,0.9243949524640336
0,0.060552518007379284
1,0.4816139279740665
1,0.9310502014214038
0,0.02201859118047154
1,0.8155658417693304
1,0.4523615050915193
0,0.02201859118047154
0,0.0196757113886172
0,0.38152883360414463
0,0.10872974964929753
0,0.06800026911497248
1,0.7284085841251761
0,0.23800608096817388
0,0.02201859118047154
0,0.07347355879457489
0,0.6744140537152038
0,0.037155649209867705
1,0.9246531051826181
1,0.6861305150171387
0,0.13498525987142793
1,0.923019184314875
0,0.021972277628108848
1,0.9285814414547596
1,0.622982869644153
1,0.9086046786986051
0,0.05743022496429365
1,0.8998003169588665
0,0.7261716291044003
0,0.3402980204472347
0,0.12668399320909002
0,0.25367706926850053
0,0.06186922959460966
0,0.14704289939368526
1,0.7919035669145572
0,0.02572128288930305
0,0.8836286794128637
1,0.5355382001473721
0,0.04672555559220633
0,0.6530598104254594
1,0.8454227313444431
1,0.6466303362317962
1,0.9245002196975108
0,0.03098243048907976
0,0.46271744914122026
0,0.7254663501614471
1,0.9204011162487084
0,0.04167048312430007
0,0.05108113797031455
1,0.49139639859388395
1,0.9041454262000036
1,0.9144929836700757
1,0.909278578311619
0,0.02201859118047154
0,0.33845889137068624
0,0.06881109826200801
0,0.572596725532062
0,0.052972916883790376
0,0.39209247209851095
0,0.343979461430972
1,0.9310502014214038
0,0.3269858073697975
1,0.3798333402062401
0,0.052266406737468026
0,0.0567339441560375
0,0.024241030943911137
1,0.04677804895465415
1,0.9301004944525504
0,0.020678345999210136
0,0.02572128288930305
0,0.03005464918444587
0,0.04400511263735218
0,0.025250324777587305
1,0.30094632719852066
1,0.04263307527723199
1,0.7337761291499904
0,0.31410367545772405
0,0.08887914193996535
0,0.3018735762812142
1,0.9292386149103636
0,0.5360395410510632
0,0.032211305216249715
0,0.6313946066337414
0,0.02201859118047154
0,0.025439134466194134
0,0.02566585987329855
0,0.025140909129554027
0,0.024241030943911137
0,0.13270575790368075
0,0.7499814619718329
0,0.11878450296502834
1,0.6473610875728116
0,0.028636944825648943
0,0.1646822260662472
0,0.07584719997199588
0,0.02201859118047154
1,0.9061519103326066
0,0.02201859118047154
1,0.48315831760580935
0,0.02070043496542979
1,0.9301004944525504
0,0.02201859118047154
1,0.7704998141640658
1,0.8499614370896941
0,0.74131576893183
0,0.5537515729622989
0,0.02389846741907398
1,0.9243949524640336
0,0.7609270927504059
1,0.6983791979036145
1,0.8943868817960525
1,0.6513073950625647
1,0.4476237875463611
1,0.76931166335717
0,0.09723975255905364
0,0.27007736903987506
0,0.01995123239674107
0,0.027601691423693706
1,0.869438161597037
1,0.889843349978297
1,0.9261182126424674
0,0.03657440971028045
0,0.10182174616711044
0,0.10128802778374112
0,0.5148993649473853
1,0.9271524810053423
0,0.02070043496542979
0,0.0459410932060666
0,0.02515053042188503
1,0.450824801442796
1,0.8028270418481643
1,0.761532543284372
0,0.23066211870515216
0,0.16112619698837843
0,0.8378908646181996
1,0.6890608945866358
1,0.8273578943744416
0,0.04215749475152002
0,0.046820057676347976
0,0.36876542459916556
0,0.7120439499912414
0,0.02111175162101952
0,0.034030279781455
1,0.8087131262248642
0,0.13857493447906646
0,0.04004728657536729
1,0.3426852261076531
0,0.02070043496542979
0,0.03347865972561902
1,0.8448680221384295
0,0.37564184410183254
1,0.8090212991722576
1,0.41626798125286824
0,0.02201859118047154
0,0.12378075985723976
0,0.4190072384496958
0,0.02375004420172284
0,0.09733493643921143
0,0.020797941164628228
0,0.14028152445017356
0,0.13964319236244543
0,0.034943391390094405
0,0.04513784567020374
1,0.5466572891640036
0,0.23657870183780644
1,0.8356941552595881
0,0.665975808477733
1,0.5575029550161097
0,0.08188874996050362
0,0.1182470085689287
1,0.04003992598367422
0,0.024241030943911137
0,0.1523244677130203
0,0.03842879460491623
0,0.026902924132137185
0,0.024241030943911137
0,0.02201859118047154
1,0.9292386149103636
0,0.13265710253736746
0,0.01995123239674107
1,0.6761520909713332
0,0.26364276944254034
0,0.03698393838016326
1,0.9156027543251172
0,0.020436293528277395
0,0.0196757113886172
1,0.2959594582583296
0,0.1291916383755211
0,0.06810449194726936
1,0.7183714711247013
0,0.4576772689057663
0,0.0281980779490591
0,0.08685008454174054
1,0.7088996847263409
0,0.09431234162727348
0,0.7743085568982587
0,0.2605988346278428
1,0.930098255209434
1,0.7613559450404978
1,0.9161493218417253
1,0.8806965117525789
1,0.9221725203955441
0,0.10056390014448337
1,0.779460638576671
0,0.04921150310697353
0,0.02070043496542979
0,0.03586169502163193
0,0.06910582824683148
1,0.9302326376966046
0,0.033362690433084104
1,0.5606865228419471
0,0.02515628832108408
0,0.01995123239674107
0,0.480161542372448
0,0.9251208618890995
0,0.27174175527945954
0,0.43263975900278584
0,0.03137177728551095
0,0.3056112386825475
0,0.0196757113886172
1,0.0942836561586325
1,0.9292386149103636
1,0.2867308626845491
0,0.721807239713842
0,0.026632054255565224
0,0.04352296339653143
1,0.9274876303921054
1,0.5527407691241283
0,0.09564117479340388
1,0.05407728788467029
1,0.8969786670539905
0,0.03040670436922694
0,0.02876685223693671
0,0.25227822606136585
0,0.02723379746533663
0,0.5080924189746062
1,0.6622626655515889
0,0.9105567544678417
0,0.9095489892912291
1,0.6907615093724558
0,0.10217777769584348
1,0.9127610757681659
0,0.1584106795530213
0,0.03406564581086696
0,0.05646621526190595
0,0.05668100699267785
1,0.8429198114801187
1,0.9220958795219442
1,0.526937564950425
0,0.07805540328959547
1,0.8635225205933393
0,0.03724437934430615
0,0.5649991629735398
1,0.7704883226146639
0,0.036530068120711474
0,0.08942858418544426
1,0.7187039141624496
0,0.024241030943911137
1,0.8910349322731994
0,0.097949593446756
0,0.026334496522238467
0,0.3207001486871114
1,0.8402251923696383
1,0.12051440185119779
0,0.5373969199289872
0,0.07053511408646658
1,0.8458260454317712
0,0.03434443806205422
0,0.37308566918626745
0,0.030425222194913493
1,0.6648078109642201
0,0.024241030943911137
0,0.031202076272915852
1,0.2237071778973951
1,0.5479057119149506
1,0.9243949524640336
0,0.021844007945715067
0,0.027286600291544786
0,0.46540474194818576
0,0.07371852852984673
1,0.6767428815138252
0,0.02070043496542979
1,0.8844544523614573
0,0.05302617574148097
0,0.0196757113886172
1,0.2738883932408733
0,0.024241030943911137
1,0.9192917175823981
0,0.12284548393773877
1,0.9243949524640336
1,0.7709837082103882
0,0.07507499377853015
0,0.02070043496542979
0,0.035131938783511625
0,0.9311358116939179
1,0.5150584670256836
0,0.26455104743043784
1,0.9079704625471064
0,0.128217586827626
0,0.09186030800676305
0,0.024241030943911137
0,0.11330715082885522
0,0.052042858704400875
0,0.0843197010880439
0,0.02166300330841231
0,0.02070043496542979
1,0.8975718265530295
0,0.25913121412229817
0,0.44328284932447604
0,0.10485785569123285
0,0.4106451638839911
1,0.21005735357788693
1,0.7218428353017527
0,0.8090803719065167
0,0.04023220757533298
0,0.2635094809927508
1,0.47805052540655235
0,0.1672370238322918
0,0.5979577618714549
0,0.01995123239674107
0,0.026122427509693086
1,0.09038746804002439
0,0.9106504131061391
0,0.02357443321681501
1,0.44966534984922063
0,0.8015615563278198
0,0.0514138521242512
0,0.02442268262086248
0,0.030425222194913493
0,0.02876685223693671
1,0.7278794636723979
0,0.8190209572425491
0,0.01995123239674107
0,0.3864499470405568
1,0.13490848709812195
0,0.035612488490368556
0,0.19725950499621903
1,0.08797224809538635
0,0.10577291968175778
0,0.8715544396398581
0,0.3479533930351192
1,0.7569903843043337
0,0.02454073180482609
0,0.3810645911724999
0,0.03602545095688434
0,0.419422599867081
1,0.9310502014214038
1,0.3679029705702179
1,0.484024745155188
0,0.01995123239674107
0,0.09215920506449683
1,0.885783936636756
1,0.9076282394484348
1,0.915868166223443
1,0.24912211334793805
0,0.025109106341279257
0,0.03881472562657336
0,0.02201859118047154
1,0.27154951126360816
0,0.02070043496542979
0,0.04039712422575869
0,0.5275811395142885
0,0.47585588345956736
1,0.6610052207299135
0,0.7643726983942044
0,0.08506240516216994
0,0.045801192434062776
0,0.03515550024189412
0,0.06694627605071957
0,0.02070043496542979
1,0.8548259813886634
0,0.02070043496542979
0,0.03228281570484352
1,0.5209400234634413
1,0.8848381508917937
0,0.04097398048471216
1,0.871749166825579
1,0.8680213366925682
1,0.5825071411181717
0,0.27233331670534444
0,0.1839358151423519
1,0.9197943366863881
0,0.1745926121489239
1,0.8913000832678404
1,0.9271524810053423
0,0.024241030943911137
1,0.6783893770970426
1,0.8888726004421414
0,0.34589087613212305
0,0.03315939963037425
1,0.3812525749538283
0,0.20204863272832882
1,0.6950041045902918
0,0.17409709692240757
1,0.2216835719187235
0,0.03875432296392144
0,0.0805081565679913
1,0.9186442991738121
0,0.02070043496542979
1,0.9311358116939179
0,0.04892896266447678
0,0.04847206002841952
0,0.07185255508599571
0,0.7531597840680537
1,0.6578724687976636
1,0.35897358219137626
1,0.28873040212290946
1,0.9221725203955441
0,0.26760503119661666
1,0.9310502014214038
1,0.9013376374820499
0,0.9055749787019803
0,0.02070043496542979
0,0.052242464326914595
0,0.030363027614919963
0,0.6078205640483725
1,0.40969148855924253
0,0.14524948439579993
0,0.41738616498569703
1,0.9301004944525504
1,0.06737039979133393
0,0.025902599829477964
0,0.868064209327988
0,0.5400433349572852
0,0.02201859118047154
0,0.0798504739793189
0,0.027688690474948926
0,0.02572128288930305
0,0.5553305264648383
0,0.02756931185839894
1,0.6956601130024916
0,0.4585527854722265
1,0.7109992575022198
0,0.03332397844152048
0,0.0196757113886172
0,0.46082156959622333
1,0.07799593488527032
0,0.05027321391629873
1,0.07824521390511695
0,0.03005464918444587
1,0.9121250375016103
0,0.0196757113886172
0,0.021200391401002116
1,0.8503508363589892
0,0.5988005171441231
0,0.01995123239674107
0,0.7852336701317253
1,0.5640020632012593
0,0.7452174542617975
0,0.02070043496542979
1,0.30294223705779283
0,0.14524948439579993
1,0.7163398102283138
1,0.788704201939291
0,0.8721660516721221
0,0.11725570604038599
0,0.02470210433341919
1,0.929155341563943
0,0.03259628948546607
0,0.024241030943911137
0,0.7092646287527442
0,0.036013979783044776
0,0.0735402956486318
0,0.18523231087140843
1,0.9178356871029929
1,0.8087521568863313
0,0.024241030943911137
0,0.7453850890328009
0,0.04986219085236193
0,0.06105052243577931
0,0.031427541589165366
1,0.8144232933875918
1,0.9227025694779643
0,0.0196757113886172
0,0.02201859118047154
1,0.7141188142478719
1,0.02870400737543253
1,0.8620077484273961
0,0.1361948825822817
0,0.14597365885652566
1,0.7063335691930911
1,0.5937957654279076
0,0.01995123239674107
1,0.923019184314875
0,0.8847504739101065
1,0.9192212363822811
0,0.14800823616899744
1,0.6477884372440362
0,0.025109106341279257
0,0.02201859118047154
1,0.2900004736454629
0,0.1374818142230297
0,0.039591043870630685
0,0.06191254853345924
0,0.0205987089804758
1,0.876517460837156
0,0.0881894020173617
0,0.5645107799752658
1,0.5294605535247612
0,0.9183751301009868
0,0.5125977633157112
0,0.7707308070916085
1,0.861251429104963
1,0.5108893536015504
0,0.03365938921928012
1,0.9208377421275249
1,0.6817377195191664
1,0.9310502014214038
1,0.9301004944525504
1,0.8454553151805575
0,0.048583397688247904
1,0.6052647301492394
0,0.10654240449585016
0,0.028678370120053667
1,0.9099135653737022
0,0.026995988964102508
0,0.7379754895762529
0,0.02201859118047154
0,0.10731777802964089
0,0.1485717255208558
0,0.1207854686757868
0,0.024241030943911137
0,0.3178834158621631
1,0.5532280749531394
1,0.529255645280602
1,0.5519035328280139
0,0.025402510798861678
0,0.6992258594694617
1,0.6783407430061331
1,0.500894853326377
0,0.10300644729059787
0,0.14556280591353996
1,0.027740274104107926
0,0.01995123239674107
0,0.04897618170945978
1,0.9246531051826181
0,0.0646343049981273
1,0.8930754601357164
0,0.3848566244289656
1,0.7219891554552138
0,0.04087193170754195
1,0.6850950996879075
0,0.02270058393340337
1,0.9075723859869418
0,0.05757653801810454
0,0.04061512678981518
1,0.5088703815821164
0,0.036347707131993576
1,0.9243949524640336
1,0.7827789903626843
0,0.0196757113886172
1,0.9037479498664152
1,0.6836449458047432
0,0.02976363709828624
0,0.6665226287706274
0,0.020678345999210136
1,0.7832648880000584
0,0.02494491624795455
0,0.12270126841645483
1,0.7088263481049735
0,0.26069229763847407
0,0.02440141633602783
1,0.9257405775302139
1,0.2237887714631825
0,0.05708558810270363
0,0.039055041144780235
0,0.676179944854862
1,0.6999307228382229
0,0.024241030943911137
0,0.13498525987142793
0,0.01995123239674107
0,0.6862141452321282
0,0.026122427509693086
0,0.6267395444543891
0,0.20985568658875944
0,0.16050427576488083
1,0.8912367688945171
0,0.030721952228782747
0,0.10070358016976899
0,0.02339983750411395
0,0.04737747649598478
1,0.6354731733291865
0,0.7870728799395782
1,0.7248469307813794
0,0.03618064342272413
0,0.6524817765575733
0,0.07849935756328034
1,0.7352311839387607
0,0.0196757113886172
0,0.6169015532881642
0,0.3194021606992064
1,0.6871479314329172
0,0.05282338523065888
0,0.04644741045727585
0,0.01995123239674107
1,0.7014506954207371
0,0.06537764983955761
0,0.3068308342476173
1,0.6988367929083066
0,0.09449445211709631
0,0.02201859118047154
1,0.8719905522362248
1,0.9014615368107856
1,0.9271524810053423
0,0.02201859118047154
1,0.4086997507997474
1,0.8843162075621074
0,0.024048004590448233
0,0.029645561991721393
1,0.4554281594974772
0,0.031024976482636732
0,0.02201859118047154
0,0.055416419980863996
0,0.12309013885220763
0,0.2821124186999931
1,0.48246920340738775
0,0.02918192804045974
0,0.02201859118047154
0,0.05385654132873494
1,0.8993074276467669
1,0.9310502014214038
1,0.8644895645992794
1,0.4825105940698358
0,0.030425222194913493
0,0.02791709577798101
0,0.02434890757737186
1,0.35193110999390903
0,0.026122427509693086
1,0.6776743286291109
0,0.17524505119372386
0,0.3139211952241962
0,0.026122427509693086
0,0.29329442810873735
0,0.5604278870753695
0,0.04609875808513081
0,0.7033500001750527
1,0.663066297945057
0,0.02070043496542979
0,0.07427116545401663
0,0.06196819592640364
0,0.04836309565553456
1,0.5627235956096749
1,0.9301004944525504
0,0.11784461205997361
1,0.7474065290615524
0,0.08363454845484436
0,0.44878124248894574
0,0.024241030943911137
0,0.1800288454973106
0,0.03531171774940769
0,0.0511538653492661
0,0.01995123239674107
0,0.3065913913748115
1,0.6510891830388257
0,0.2681431483723045
0,0.0347630301193
1,0.6440008498671907
1,0.9196464139815476
0,0.029844935707479765
0,0.07423686388036847
0,0.5192123101842128
0,0.02070043496542979
1,0.861954295271282
0,0.6480658402386078
0,0.46818770002735066
0,0.5874530801212673
1,0.8770267742367128
1,0.9112448942857331
0,0.6418106382417426
0,0.02201859118047154
1,0.6557499529994398
0,0.10337169438646691
0,0.2847497253612015
0,0.15619946935350768
0,0.03939516874751411
0,0.15360791016416345
1,0.89294168180404
0,0.030596196605813666
1,0.9056658328392562
0,0.7582665899454819
0,0.02494491624795455
1,0.4871311276654551
0,0.10349472046637997
0,0.41256873365090413
0,0.2904209957748421
1,0.9209829271588003
0,0.7155560504274027
0,0.02070043496542979
1,0.478192024987896
0,0.03498135450704951
1,0.9271524810053423
1,0.9204259673624317
0,0.02201859118047154
0,0.07231812595650486
1,0.9204619586542011
1,0.5554442677480561
1,0.5950760880983715
0,0.04159708002626694
1,0.738516021391064
1,0.859854342930902
1,0.5475499232087556
1,0.9243949524640336
0,0.5494043901827437
0,0.7822196078645465
0,0.0579950031103328
1,0.06516772288798187
1,0.3277611646555907
0,0.024241030943911137
1,0.9068398307469594
1,0.020051860834337805
0,0.062296028492327855
0,0.14945742135866433
1,0.9229536961656707
0,0.060268233496810916
0,0.03149024824072631
0,0.09030354120021504
0,0.021459188447913075
1,0.7372958166191249
1,0.8931510736038236
0,0.03385310862344643
0,0.024241030943911137
0,0.06508409590734929
0,0.02339983750411395
1,0.41956673795252303
1,0.9310502014214038
1,0.8680492196682532
0,0.2431245483691015
0,0.2582409066920336
0,0.049568559995171624
1,0.6133792592924008
0,0.024975396786142797
1,0.46484627727537803
0,0.04567384927921413
0,0.040864675440056474
0,0.02201859118047154
1,0.6959204605684542
0,0.893241058674732
0,0.024241030943911137
0,0.01995123239674107
0,0.10248294847286604
0,0.29858375702741174
0,0.08618198422668909
0,0.5257938612637363
1,0.420331519451748
1,0.9242991670670645
0,0.02201859118047154
0,0.08881239612541258
0,0.5612581311556801
0,0.5351885822503115
0,0.7702602527001181
0,0.7046945386473737
0,0.7145289462174451
1,0.8758496881913718
1,0.716537425600937
0,0.02201859118047154
0,0.02070043496542979
0,0.02201859118047154
1,0.04428915359873889
0,0.02444631331913498
0,0.03400757044310393
1,0.9010122607922414
0,0.02668636500998962
1,0.10878938318092543
0,0.29001835481667104
1,0.9129358534266515
0,0.8575174495868203
0,0.6491604588024944
0,0.032442847426824434
0,0.03753812182964283
0,0.045812566118284735
0,0.026522583466290443
0,0.26841760132434866
0,0.035452452649529786
0,0.024486966727965288
1,0.8657141655464025
0,0.3169319660147984
0,0.09029035827712019
1,0.9301004944525504
1,0.6763588626560123
1,0.8704843825144168
1,0.878818328528747
1,0.8980597877189399
0,0.024241030943911137
1,0.6952621732938552
0,0.14587283734268658
0,0.02201859118047154
0,0.06239926998951654
0,0.20973099728044284
1,0.8222486240424107
0,0.08957935627635027
1,0.6837654339379339
0,0.7050725726296543
1,0.9311358116939179
0,0.4884216343776265
1,0.5869595733712065
0,0.04712845715962059
0,0.03346602024811542
1,0.9271524810053423
0,0.05588850662836563
1,0.6968832799256057
0,0.5798990685591119
0,0.6303005803247747
1,0.8268780146796751
1,0.9246531051826181
0,0.025109106341279257
0,0.03583515636268105
0,0.02444631331913498
0,0.4034994378540845
0,0.024241030943911137
1,0.9050177216758988
1,0.7090432438967758
0,0.2042258724932018
0,0.04630828924037743
1,0.9301004944525504
0,0.05299154319037235
1,0.8651777160492451
0,0.028468199329481428
1,0.8330549029046258
1,0.6375657899971987
0,0.04875009257877861
1,0.9271524810053423
1,0.08441303228846501
0,0.17758879007125913
0,0.02603648223884544
1,0.7489075093860624
0,0.05742673419182854
0,0.7218055979334903
1,0.45042995513739775
1,0.037090054899140724
1,0.9185998713328171
0,0.03824677829757469
1,0.782405557980364
0,0.5135746137240595
1,0.9228575894524749
0,0.024241030943911137
1,0.8533130001570789
0,0.10024180761420054
0,0.06942809299900896
0,0.14098712824843482
0,0.024241030943911137
1,0.7433721285796329
0,0.024241030943911137
0,0.04620802529974798
0,0.11899393701656523
0,0.036309137279234314
1,0.7420524509366717
1,0.6462212939102636
0,0.4842207897451643
1,0.8450279511773879
0,0.025630193491078722
1,0.8025741442229686
0,0.04645926072143884
0,0.12091619715386911
1,0.5255345078396031
1,0.8972276992940115
1,0.6267521054206563
0,0.8036219968634676
0,0.01995123239674107
1,0.8591125898919338
0,0.01995123239674107
1,0.6024339347303567
1,0.5306372321906986
0,0.025250324777587305
0,0.024241030943911137
0,0.0196757113886172
0,0.8663686356386145
0,0.09807137579192944
0,0.04513784567020374
1,0.9310502014214038
1,0.9152836496221827
1,0.7911115771816571
0,0.04857378417800584
0,0.02201859118047154
0,0.6965738751619313
0,0.031839956708062014
0,0.02201859118047154
1,0.9145407785483411
1,0.02870400737543253
1,0.9194471049082024
0,0.16801849571192734
0,0.029844935707479765
1,0.8393263223260519
0,0.6830372931959963
0,0.030425222194913493
1,0.2118176308977232
0,0.3813914215464788
0,0.032585033052141235
0,0.027286600291544786
0,0.16013445823234815
0,0.11805565073264132
0,0.05441316624433016
1,0.7028449850766225
1,0.8779872394654766
1,0.839035999414873
0,0.024241030943911137
1,0.8802781757313728
0,0.2724662407434738
0,0.03368013762138826
0,0.5112780649073517
0,0.030337371155497214
0,0.01995123239674107
1,0.711008031463542
1,0.9188237928828349
0,0.5222071116043705
0,0.02070043496542979
0,0.3582056338969858
1,0.3294067879124742
1,0.8914700138904788
1,0.691290472144213
0,0.020678345999210136
0,0.09024354035813535
0,0.03400757044310393
1,0.4876535994203962
0,0.5700124848366233
0,0.027601691423693706
1,0.11519838557742097
0,0.32749010707299914
0,0.027085253325684212
0,0.13399263292190156
1,0.894951172995295
1,0.5482775326770127
0,0.02664429461969602
0,0.02201859118047154
0,0.06719365322552669
1,0.8430516743289818
0,0.7235347034313028
1,0.4974981405678252
0,0.13498525987142793
0,0.7560831134916862
1,0.7957549636892469
0,0.06882148990199548
1,0.9126464017850557
1,0.7672885588368917
0,0.04841068461767012
0,0.1020111957751052
1,0.3580041735390002
1,0.4447658310426508
0,0.07243213385577511
0,0.48523542367999384
1,0.9271524810053423
1,0.6974327663083887
0,0.23593119426699663
1,0.642325426506683
1,0.8685504062436366
1,0.9243949524640336
0,0.02070043496542979
1,0.46151694388475606
0,0.24786461558380263
1,0.8446977872625371
1,0.9013135661761519
0,0.0196757113886172
0,0.01995123239674107
0,0.037713071377260515
0,0.05979520573393791
1,0.425102977565682
0,0.2693447436691481
0,0.5624995394417215
1,0.897237430181732
1,0.7185386068163312
0,0.05607482873957024
0,0.13819775419268127
1,0.9311358116939179
0,0.3582873995425112
0,0.12174272923993665
1,0.8073691155913136
0,0.5350438326083834
1,0.5176387304592749
0,0.023282190297113373
0,0.045717160763809016
1,0.4265036094464421
1,0.6907688371135108
0,0.2780377605613847
0,0.088458651919249
0,0.02070043496542979
0,0.02070043496542979
0,0.01995123239674107
0,0.08239305172724237
1,0.6355887922742263
1,0.8517791127961699
0,0.029519775539877897
1,0.9208548092033813
0,0.8490027212724053
0,0.024241030943911137
1,0.9227025694779643
0,0.12834821662934812
0,0.056480838568758775
0,0.02201859118047154
1,0.7886190531937433
0,0.04234545098724755
0,0.024241030943911137
0,0.02201859118047154
0,0.09312202908990605
0,0.6433081431486926
0,0.5519085334798801
0,0.057175295382377145
1,0.8805100924859991
0,0.027638121789011625
0,0.025250324777587305
0,0.024241030943911137
0,0.5816746409691088
1,0.9191679984115508
0,0.47478777981610076
1,0.5668457982189473
0,0.7061308743977923
1,0.338628067701125
0,0.024241030943911137
1,0.9019909614174834
0,0.034985818331939825
0,0.051238946191802276
0,0.05816612554323229
0,0.01995123239674107
1,0.4657977246048319
1,0.9167053381567722
1,0.37936854654123037
0,0.02303052461038856
1,0.2919932570491166
0,0.2738746805855824
0,0.024241030943911137
0,0.5059758175142145
1,0.09149971879371191
0,0.17412317896168808
0,0.6781298825086499
0,0.02201859118047154
0,0.09451436480901138
0,0.034110658574452384
1,0.6482280048702297
0,0.02110168936719389
0,0.06214405654288361
1,0.8116356767581394
0,0.0196757113886172
1,0.9271524810053423
1,0.08943804592967095
1,0.9089803052320422
0,0.09405675255750073
0,0.256971246296478
0,0.31666798506257204
0,0.47567578508423763
0,0.07419920443845737
0,0.28131347892929776
1,0.7365033622430357
1,0.9243949524640336
0,0.02639847762850011
0,0.021200391401002116
0,0.10987024545651317
1,0.7436186563196681
0,0.8431231826889913
1,0.9266736834383195
0,0.039842457550884273
0,0.021200391401002116
0,0.21271321686826358
0,0.08632410826587203
1,0.7681137285584165
0,0.9192212363822811
0,0.12207131757939817
1,0.6502271164297062
0,0.03988762450598712
1,0.5853640953406727
1,0.038111764452811406
0,0.024828145429515135
1,0.08319183854306786
0,0.43784237444828605
0,0.2750348665408514
0,0.13952332002766543
0,0.3270649303254259
1,0.7237043783513247
0,0.05215426256739827
1,0.27607904991533777
0,0.2366865365808522
1,0.6858359878003962
0,0.7478301880641322
0,0.08945838305445693
1,0.9052703495857977
0,0.8056439593336402
1,0.7641859766624851
0,0.08289137545861393
0,0.9264084935695384
0,0.5967245449522206
0,0.02764829027121318
0,0.02070043496542979
0,0.01995123239674107
0,0.08091860245481432
1,0.7742152203591927
1,0.02070043496542979
1,0.6351297737449776
1,0.9096852694254894
1,0.7544750970567499
1,0.9310502014214038
0,0.46151253343222015
0,0.334429797142076
0,0.34081372487399186
1,0.8930046535820132
0,0.046820057676347976
0,0.767770258106238
1,0.9301004944525504
1,0.4899688638712085
1,0.3786395067971038
0,0.027393622804281523
1,0.8437814418761771
0,0.06069416230533009
1,0.2872346410164328
1,0.850686778110896
1,0.9009830672181319
0,0.03947220624175076
1,0.9292386149103636
0,0.12034876640558355
0,0.1496369193475086
0,0.027286600291544786
1,0.9208548092033813
1,0.8168335063567536
0,0.513160849867031
0,0.02751700699209725
1,0.6674614306141862
1,0.48721807339114653
0,0.17884002355617412
1,0.37008659688400564
1,0.7731084985075934
0,0.07374670695416341
1,0.8693276841719884
1,0.6333921038592162
0,0.035582102185645365
0,0.04197086025857543
1,0.9037647502328439
0,0.4416998671205135
0,0.08825567964462301
0,0.6445598759274735
0,0.02191533400730372
1,0.8642469942118832
0,0.03365661218011797
1,0.9095489892912291
1,0.8232592968121992
1,0.8706465698991224
0,0.25829933663204124
0,0.024241030943911137
1,0.0654684194587188
0,0.05582354531461451
1,0.8987350217359188
1,0.8960866874380453
1,0.9212916960211105
0,0.13498525987142793
0,0.6772035928693784
0,0.025482946782122134
1,0.07220890365103885
0,0.02444631331913498
0,0.030252472227454932
1,0.8836417437958153
0,0.05736138160639555
0,0.4412683205997361
1,0.8311070662624959
1,0.5039847594294982
0,0.02201859118047154
1,0.28274318301944723
0,0.4001842637785951
1,0.9246531051826181
0,0.9216442242429252
0,0.8865986359720379
0,0.02572128288930305
1,0.8945444187173093
0,0.0417195809530882
1,0.3333584274422117
0,0.08859544562035633
0,0.04459578912302808
1,0.5628342987349843
1,0.9112473837554157
0,0.7452312517831216
0,0.13900827173980826
0,0.024241030943911137
1,0.6983920718788288
0,0.05720316756830142
1,0.7153113495015133
0,0.02070043496542979
1,0.8995329590985075
0,0.0358172753084253
0,0.23148815653593244
0,0.16199773668134204
0,0.09726212634763368
0,0.8665516157832532
1,0.4730579882891541
0,0.11998006792441282
1,0.8016810941241886
0,0.16981829380381153
1,0.7945768826032655
1,0.5517564800978592
0,0.5668359340448618
1,0.876856501103504
0,0.020051860834337805
0,0.0658023537046791
0,0.02756931185839894
0,0.02629938868451532
1,0.030425222194913493
0,0.5052833329278917
0,0.14448394870272424
0,0.02201859118047154
1,0.9274546055202758
0,0.02640907646824926
0,0.02201859118047154
0,0.0196757113886172
1,0.5568998493692466
1,0.6555067970532737
1,0.4321786290675263
0,0.040521537204611414
0,0.366819969674019
1,0.03412749587641564
0,0.0329524370865907
0,0.111223972369999
1,0.3435410114316591
1,0.9301004944525504
0,0.06373109584271049
1,0.4183578327153059
1,0.8704454903428288
1,0.662182753589853
1,0.9304993847806102
0,0.12763587703730347
0,0.0235100257274685
0,0.8912390319220176
0,0.022975124001223396
0,0.23218831352673672
1,0.917864002346587
1,0.48435983706293334
0,0.24003629851847044
1,0.7405192248643153
1,0.4085752859772977
0,0.02756931185839894
1,0.670996178305475
0,0.04841068461767012
1,0.9030325207472629
0,0.15535003444965548
1,0.9301004944525504
0,0.5108151873776665
0,0.07513639669217108
1,0.9310502014214038
1,0.5852700014102573
0,0.07208774518652203
0,0.12286206004662452
1,0.3451226303788668
0,0.4978273587711947
0,0.05068741347960608
1,0.4574254200964928
0,0.13716029547542888
1,0.5280546997747588
1,0.6064821219336498
0,0.42703179474059916
0,0.5624892397388921
1,0.9000269040439808
0,0.34857431718876136
1,0.5666783310122073
1,0.8615318210029804
0,0.3426189355484573
1,0.505808363559688
1,0.7303519873581872
0,0.23344703833615363
1,0.25172723038150285
0,0.2979263376758109
0,0.021129714185375886
1,0.9304993847806102
1,0.7630653343616264
0,0.5417629823853976
1,0.9171310635751446
0,0.023041846304917433
1,0.5271681470572533
0,0.02853279576533235
0,0.02070043496542979
0,0.02201859118047154
0,0.4531397964433317
1,0.9292386149103636
0,0.02070043496542979
0,0.03228281570484352
1,0.9095489892912291
0,0.19284139349286122
1,0.8136752099636808
1,0.605731151849499
0,0.1406646463973833
1,0.6541056685158232
0,0.04078806852949754
0,0.024241030943911137
1,0.7321889920451634
1,0.9311358116939179
0,0.12247085543512704
0,0.06956626493116723
0,0.05903223871994447
0,0.024241030943911137
1,0.8476928430361154
1,0.8966386852700975
1,0.8607732019351132
1,0.8371016592452049
1,0.24012972814757225
0,0.49710949688007006
0,0.024871651223955953
0,0.11839405987490574
0,0.022507683402734558
1,0.7043808207590756
0,0.8777052759480163
1,0.8353620233965583
1,0.5470724913702825
1,0.8200144241340992
0,0.5327365152449477
0,0.8817867162070699
1,0.9294742588801305
0,0.46129083687377165
0,0.06508409590734929
0,0.6912300008608401
0,0.04975071390398504
1,0.01995123239674107
0,0.07252042826506835
0,0.12284787711967815
0,0.5786336216332466
1,0.08768259345883005
0,0.030425222194913493
1,0.8802513958886599
1,0.7274397725298688
1,0.8838200169374614
0,0.026915435930545926
0,0.1406646463973833
0,0.13498525987142793
1,0.735639112702513
0,0.07421948493693431
0,0.10830770554264418
0,0.8692472678682903
1,0.915231844310196
0,0.3034570150103413
0,0.8712010286250519
0,0.09139449824545139
0,0.02710372766352678
0,0.13498525987142793
1,0.9228512147177552
1,0.836833869812366
0,0.13498525987142793
0,0.5293500685887247
1,0.9109620905276571
1,0.8651471288525273
1,0.634767966218613
0,0.050181751569733646
0,0.22721800699266587
1,0.6415535081035315
0,0.06494909114552272
0,0.02201859118047154
0,0.2934312757675637
0,0.026356426466858342
1,0.8872185644493744
0,0.020083463883810104
0,0.3368266822935185
1,0.5560637221997856
0,0.04357776433960391
0,0.04148868051225239
0,0.020407967713312748
1,0.9267085590829055
1,0.9243949524640336
1,0.7223273827803715
1,0.5673364066461299
1,0.7502301082231926
1,0.2522713135674856
0,0.17741089006915825
1,0.7774722734392637
0,0.024241030943911137
0,0.09503155309625656
0,0.05525478893050012
0,0.02716099679688035
0,0.02070043496542979
0,0.04170550680248889
1,0.5962376789290507
1,0.6351154876194814
0,0.4510368703200349
1,0.7576255782969711
0,0.7240754892687733
0,0.02070043496542979
1,0.45867958278798077
0,0.31141040408816145
1,0.09712077268570264
1,0.6465459908918136
1,0.9243949524640336
0,0.02201859118047154
0,0.04182485665635213
0,0.14278998109187027
0,0.02861649120172433
1,0.5585327286770839
0,0.02693856202090631
1,0.4864427881162784
1,0.7175462526365898
0,0.03810853640593911
1,0.26635851162159935
0,0.038480587650916435
0,0.022540048539276224
1,0.8147305605268752
0,0.7690046097589074
0,0.448159519077931
0,0.024241030943911137
0,0.05123909547963119
0,0.8221433035047849
0,0.0634648023917234
0,0.07020266924407659
1,0.7835087849519367
0,0.03225946863034607
1,0.6377370095642552
1,0.5916177871288454
0,0.5000048881157115
0,0.02360169957662002
0,0.024241030943911137
1,0.5653577162765104
1,0.8969298789173131
1,0.9174322623000104
1,0.6636158237594378
1,0.516380336977829
0,0.02559817150934722
0,0.07262359651030492
0,0.45377299831061163
1,0.8265268978683741
1,0.6529721192670921
0,0.09850270738086923
0,0.63714955753669
1,0.6678949041147031
1,0.7140156663636306
0,0.027413768696556956
0,0.38518134080352917
1,0.9208548092033813
0,0.023068782054232424
1,0.6888109545426793
0,0.05305675389286294
1,0.6868227103410155
0,0.21917739006689244
0,0.08468626491117691
0,0.01995123239674107
0,0.09216820423164078
1,0.4761770034305952
1,0.8469554178774724
0,0.08041207177857272
1,0.8434433805227499
1,0.8491612137783057
0,0.1921812954164561
1,0.2328284150513525
1,0.8263399265803234
0,0.029029435919891367
0,0.07565540711710106
0,0.05966652887058763
0,0.21234570089531377
0,0.07755735825590891
0,0.05908697765022717
0,0.03379845337738971
0,0.0347630301193
1,0.24537379940493448
0,0.062389056110742455
0,0.036876192045120576
1,0.6561337867056892
0,0.050592048313289
1,0.7767818286328128
1,0.05047748220047136
0,0.5450902868172887
0,0.03504156747804101
0,0.6169015532881642
1,0.08428701901469171
1,0.8807740434360813
0,0.7956668273433325
0,0.25019691310586556
1,0.8807740434360813
0,0.8963138429559931
0,0.049902378363732416
0,0.05149112702513095
0,0.0196757113886172
1,0.6144107627696226
1,0.3165801051791275
1,0.5709153114934818
0,0.02861649120172433
0,0.07286383928348843
1,0.025830914426122616
1,0.9295962107832969
1,0.0635951956836591
0,0.022733270884343987
0,0.21534714096995203
1,0.4232048311728039
0,0.5754832816579712
0,0.022039152754132915
1,0.9096852694254894
1,0.9078468694711828
0,0.036202023458862996
1,0.16959873810505116
0,0.01995123239674107
0,0.042591956025339064
0,0.02324462062214809
0,0.0789994723220327
1,0.913506663105631
0,0.06976839611389063
0,0.05724309288293834
0,0.04173744765925058
1,0.7257437168406762
1,0.9142404534954547
1,0.4146121256096762
1,0.6581840821368087
0,0.18327379357274817
0,0.01995123239674107
0,0.7882039793585967
0,0.6040276005211812
0,0.2561624306056432
1,0.6267579323934891
1,0.6332955718768798
0,0.03228281570484352
0,0.4820498745084329
1,0.9243949524640336
0,0.08574005784772241
0,0.16083265751440917
0,0.020103144329180797
0,0.9041924556392147
1,0.8360150127835547
0,0.6927233475862705
1,0.504575020185869
0,0.02070043496542979
1,0.6516229797076593
1,0.8970737235635747
0,0.01995123239674107
1,0.9103720603791456
0,0.04352296339653143
0,0.12244790079741594
1,0.7190405255893377
1,0.6263148861416561
1,0.7941280237378275
0,0.02070043496542979
0,0.6310120630295364
0,0.01995123239674107
0,0.5647642571739381
0,0.021200391401002116
1,0.4683435717258306
0,0.06547586482791064
1,0.5286270218883603
1,0.9221725203955441
1,0.7100107613278389
1,0.8764172383837241
0,0.01995123239674107
0,0.02965595071320572
1,0.8709073182996605
1,0.9006762567266469
0,0.025109106341279257
0,0.04004237402239038
0,0.024241030943911137
0,0.06113461176689942
0,0.23390429868925613
0,0.03301361643506925
1,0.8898724770670638
0,0.02609885074096526
0,0.21739520183558353
0,0.5806218194266604
0,0.8023360449570147
1,0.9243261830411
0,0.27634612880108855
0,0.02070043496542979
0,0.2596950644865145
0,0.6233704696466511
0,0.025630193491078722
0,0.5525937307365576
1,0.7498152443932649
1,0.33789826939215584
0,0.09604398420949481
0,0.054443117015240815
1,0.6979182048050747
0,0.02070043496542979
0,0.39287621382257015
0,0.03666036158347491
0,0.02070043496542979
0,0.027575172106635824
0,0.5361200770107651
0,0.024241030943911137
0,0.03828570054131396
0,0.058601858766793705
1,0.720758413580728
0,0.044940336096701027
0,0.24782683188989832
1,0.757420116857963
1,0.7436198083337702
0,0.01995123239674107
0,0.7553240694566842
1,0.738661459525085
0,0.02494491624795455
0,0.4544195799923599
1,0.7523302787818806
1,0.9063688162751816
0,0.031790230485021775
1,0.8899813162836248
0,0.6016204730314094
1,0.9001968269334494
0,0.08909932724306892
0,0.030425222194913493
1,0.6153759813922348
0,0.07166912083845273
0,0.054376064094995104
0,0.023514472254098112
0,0.037155649209867705
0,0.0196757113886172
0,0.05070725085716177
0,0.2605136510059573
0,0.24981311482883997
1,0.7352430238180884
0,0.15228524789618425
1,0.8190020967935919
0,0.05590954212610362
0,0.05729518254597876
1,0.5189841356502464
0,0.346377311350854
1,0.7608566476301426
0,0.02201859118047154
1,0.833076508247724
1,0.7153132105897927
1,0.3058580085125841
0,0.11021398315847683
1,0.9113286193458912
0,0.26921765387135177
1,0.743054567991068
0,0.04120809406698367
1,0.41385369615592804
0,0.6184362830621567
1,0.8931427425832188
0,0.05660738335448465
0,0.26999844144876806
1,0.9193177231705845
0,0.5371100397643411
1,0.9243949524640336
0,0.02070043496542979
0,0.021200391401002116
0,0.2918944188156116
0,0.02201859118047154
1,0.6270916659887411
0,0.02615550063590879
0,0.08806986047105997
1,0.6517638763515384
0,0.14715959754352329
0,0.0196757113886172
0,0.7656262844730539
0,0.17211512128571776
0,0.0646363065462262
1,0.39699520198203964
0,0.04262033515071283
0,0.03172016818035604
0,0.13624355439920385
0,0.024128321393962735
1,0.891320803006207
1,0.9224454739082321
0,0.19342984539955135
1,0.7391987227426782
1,0.6213432987163736
0,0.024241030943911137
0,0.6622404257044348
0,0.9243949524640336
0,0.02070043496542979
0,0.08228365406701632
0,0.4747231995158737
1,0.833248594140238
1,0.9301004944525504
0,0.1304275804361666
0,0.05831369241607918
1,0.9187671623045931
0,0.8243185893317402
0,0.08828140026831563
0,0.02201859118047154
0,0.024241030943911137
1,0.6331181825673081
1,0.9301004944525504
0,0.3773151477353745
1,0.8947551490642803
1,0.058085779720365806
0,0.01995123239674107
0,0.5376958197559142
1,0.6357690846138846
0,0.1283576942020488
1,0.716532528772973
1,0.8812783831503453
1,0.8515283692422626
0,0.0235100257274685
1,0.9127164237106931
0,0.022160384816578005
0,0.084955270116154
0,0.2799596375953837
0,0.03882311014972521
1,0.688714237715872
0,0.923019184314875
1,0.7030167751374505
0,0.024995839996128935
0,0.3942290573100065
0,0.6406393078358121
1,0.45515175728612944
0,0.13689537301915128
1,0.9227025694779643
0,0.06026395414461615
1,0.9310502014214038
1,0.3764933114000721
0,0.14524948439579993
1,0.8814368533621022
0,0.03034852216106506
1,0.9301004944525504
0,0.024241030943911137
0,0.024241030943911137
0,0.1203165160834053
0,0.02070043496542979
1,0.6118885995377512
0,0.10559346418776974
0,0.029256515193444847
0,0.39320130353015303
1,0.9109426555380916
0,0.6637672787161509
0,0.01995123239674107
0,0.02861649120172433
0,0.9302326376966046
0,0.14448394870272424
0,0.46865625060124916
0,0.0196757113886172
0,0.023155769092106614
1,0.23587902331122126
1,0.9310502014214038
0,0.9013376374820499
1,0.7433132599028058
0,0.022006157281874925
1,0.0415629186084442
1,0.2755989324865766
0,0.18237514653249895
0,0.15534023258603363
1,0.7249322981719745
0,0.0434554847796606
1,0.9073799010179824
0,0.13618773799908485
0,0.03753812182964283
1,0.9234741148582366
0,0.09310227729452784
0,0.14524948439579993
0,0.7213670805072248
1,0.4935978174107742
0,0.053152721111241294
0,0.8370670809752839
0,0.11387320629176664
0,0.07150719534215842
0,0.04766249842169719
0,0.2832389037342865
0,0.02964809388737913
0,0.0653876062262761
0,0.7738163739017998
1,0.8968380794922238
0,0.04841068461767012
1,0.8696897076017048
0,0.07105771498159337
1,0.7363900582683629
0,0.04540734247388728
1,0.6329105355284143
0,0.03385310862344643
1,0.05776989822657876
0,0.2980777909278418
1,0.11573884465203323
1,0.6614021577624545
1,0.8872239575119681
0,0.631338843392555
0,0.6378512838583239
1,0.9096913358817443
0,0.23006215372066932
0,0.01995123239674107
0,0.2240559558630213
0,0.02201859118047154
0,0.42772311256413925
0,0.029200601969663224
0,0.22495806830180168
0,0.034010844758222
0,0.032413978404645515
0,0.054580174666237505
1,0.44419522987096655
0,0.14789062500711436
1,0.9128521509249158
0,0.4423403672361409
1,0.8846935639647852
0,0.5452784385122058
0,0.2850657046673965
0,0.02756931185839894
1,0.48582785978301235
0,0.07246760393391878
0,0.02572128288930305
0,0.73988981535326
0,0.09888692404023956
1,0.5093792564440393
0,0.024241030943911137
1,0.7954642860198043
0,0.02070043496542979
1,0.9085604738681055
0,0.5413944981215931
1,0.22718365094094958
1,0.9310502014214038
1,0.8734257112009458
1,0.3625028608358573
1,0.16568588114905797
0,0.6137151520805629
0,0.05172131060329688
1,0.43504914617006984
1,0.7647151106919389
1,0.8961299132297874
0,0.06601945822923642
0,0.02657872420886378
0,0.4787543898428078
0,0.527824576102177
0,0.057923022032811224
0,0.025911299330186564
0,0.3921486243116997
0,0.6845157479601155
0,0.03835513985697715
1,0.5892497702093646
1,0.5533603982606741
0,0.19092772968192848
0,0.02070043496542979
1,0.9292386149103636
1,0.7182551666893624
0,0.47999155308504105
0,0.02870400737543253
0,0.032325631649726516
0,0.6558637944902266
1,0.5627258719487065
0,0.02896835001763377
1,0.5983869128463468
1,0.919103342456102
1,0.5780258701319172
0,0.030425222194913493
0,0.09872806211181749
0,0.09462236707267514
0,0.024995839996128935
1,0.5578861693533654
0,0.1374818142230297
1,0.7076496384812992
1,0.45083713977137985
1,0.9271524810053423
1,0.133941304470687
1,0.1836733487831454
0,0.10317355631916025
1,0.6447129126459878
0,0.13498525987142793
0,0.02070043496542979
0,0.6004402015747216
0,0.6945247416024817
1,0.9243949524640336
0,0.01995123239674107
1,0.7218428353017527
0,0.04164531961108955
0,0.036930922068023724
1,0.2312918322229504
1,0.827900301287506
1,0.8505964882640129
0,0.09771865709642212
0,0.41198023196728084
0,0.04700211477149099
1,0.9174322623000104
1,0.9192212363822811
0,0.14524948439579993
1,0.9007263103721036
0,0.04513784567020374
0,0.7507260914229239
0,0.02640907646824926
0,0.029104373247975435
0,0.2737295372899433
1,0.9285123867368642
1,0.9264718895690386
0,0.38206877068091577
1,0.9311358116939179
0,0.8204750315031875
0,0.5105756427655598
0,0.07028523371339333
1,0.7194340496145603
0,0.029256515193444847
0,0.09097433993246964
0,0.07199474371756846
1,0.6792881681751289
1,0.7941828862913447
1,0.5564836954184498
0,0.024045214977976907
0,0.02572128288930305
0,0.38260885482799156
0,0.08600502261237768
1,0.9142397800502404
0,0.01995123239674107
0,0.03668734738166605
0,0.01995123239674107
0,0.27682655745595713
0,0.02201859118047154
1,0.291167840611812
0,0.02566585987329855
1,0.8330313680688652
0,0.8818296696531884
0,0.5368409592975316
1,0.9101833028921695
0,0.023041846304917433
0,0.02629712142150305
0,0.0925289368719499
1,0.7236211876876069
0,0.042718638616873895
0,0.5491965947206252
1,0.5928850214018729
0,0.9223026173754835
0,0.3523996283069822
1,0.8611104506069526
1,0.6534361149861884
0,0.03543659126542388
0,0.16248212483411642
1,0.9008617880470694
0,0.02201859118047154
1,0.3229728802178522
0,0.025109106341279257
0,0.08147644285027414
1,0.12286206004662452
0,0.024241030943911137
0,0.3614808032762706
1,0.583081394604298
0,0.04007887734538399
1,0.4964335401980857
1,0.9177045905931129
0,0.5376165870620501
0,0.03510780536322501
0,0.7786500480344172
0,0.46425402933861465
0,0.5032544585913238
0,0.13873804006307414
0,0.027216446285159283
1,0.8825484598822018
0,0.024241030943911137
0,0.8945486324971724
0,0.02070043496542979
0,0.7906551048593409
1,0.9013376374820499
1,0.9310502014214038
0,0.04288955693945289
0,0.037995315857631926
0,0.024241030943911137
0,0.029587714165836776
0,0.8676718789101677
0,0.10490681419389808
0,0.1412679907192529
0,0.049303979756852225
0,0.020678345999210136
1,0.6892848048455266
1,0.8710584577265225
1,0.7234164579278538
0,0.02070043496542979
0,0.07990464200712136
1,0.7363520687786522
1,0.881063067780295
0,0.05651319660417807
1,0.6663032666908649
1,0.9165220443873903
0,0.7251998521844949
0,0.38393542682783616
1,0.854950236148569
1,0.36064256933969474
0,0.0196757113886172
0,0.048869641077018716
1,0.8401369275569746
0,0.44295003395775234
0,0.05136411339631493
0,0.11821229860973645
1,0.6974996749175019
1,0.9183219363514494
1,0.5291816705289131
0,0.02671692342186868
0,0.07768580260120658
1,0.7287516016102357
0,0.024241030943911137
0,0.6337683813243518
0,0.20170951773043766
0,0.032131893803965465
0,0.10220920410272956
0,0.5523298432061386
1,0.8856791819316291
0,0.027042573923908905
0,0.5738820192557246
0,0.3114439034103925
0,0.5368430089539297
0,0.09639691805558309
1,0.7559943350005663
0,0.02742798190664919
1,0.4290167537714707
0,0.07576387203250498
0,0.04516418683687723
0,0.026188152733236044
1,0.45766109118114406
1,0.039591043870630685
0,0.023041846304917433
1,0.5625057945232916
1,0.9141198920505282
0,0.34145858267572166
0,0.7103782382604356
0,0.024241030943911137
0,0.670881496779701
1,0.853385628965513
1,0.9013108240387833
1,0.9292386149103636
0,0.2461160557038452
0,0.0196757113886172
0,0.0196757113886172
0,0.2814648762639272
0,0.08439547387531146
0,0.05704233642821682
1,0.5067014632340826
0,0.10538299806345006
0,0.02070043496542979
1,0.752463125538855
1,0.887943146793865
0,0.09648392223585067
0,0.03635172949196299
1,0.7007954100006161
1,0.5518495944391469
0,0.02201859118047154
0,0.021972277628108848
0,0.030425222194913493
0,0.7220580101194738
0,0.02070043496542979
0,0.022508522514260602
0,0.020407967713312748
0,0.7573738882979663
0,0.02508516291480325
0,0.34491631455149513
1,0.9311358116939179
0,0.6276429465507223
0,0.027929708722802163
0,0.8914611407436006
0,0.3781829580747028
1,0.9117156168803372
0,0.021252477057902473
1,0.9176856000541924
0,0.4235774749032089
0,0.13498525987142793
0,0.066790225688405
1,0.4732412787293008
1,0.9246531051826181
0,0.8698125414191558
1,0.9301004944525504
1,0.9212916960211105
1,0.4966791876723744
0,0.030090434375035287
0,0.33800824069353286
0,0.020407967713312748
1,0.9243949524640336
0,0.34807333575544985
1,0.6175849948655316
0,0.02070043496542979
1,0.8098094771416134
0,0.024995839996128935
0,0.03842879460491623
0,0.04499580157594982
0,0.02201859118047154
0,0.07903809301106621
0,0.1678618112424088
0,0.5930141802883743
0,0.024241030943911137
0,0.026178822902388144
0,0.024241030943911137
0,0.10928995893752189
0,0.024241030943911137
1,0.8030703457724121
0,0.02070043496542979
1,0.6732984159195485
0,0.05436808101973318
1,0.8615772159190621
1,0.42257044672938615
0,0.8017825742957467
0,0.02201859118047154
1,0.9214085837850575
1,0.9046243725397338
1,0.9243949524640336
0,0.030425222194913493
0,0.04387696689029786
0,0.12389978479524448
0,0.9264084935695384
0,0.01995123239674107
0,0.030425222194913493
0,0.01995123239674107
1,0.8967827766279367
0,0.1486059629306451
1,0.28644989648103497
0,0.3287309329343115
0,0.02111175162101952
0,0.025109106341279257
1,0.2144601334134197
0,0.07667644975862176
0,0.04174870695794991
0,0.38931190973498914
1,0.6963165838988299
1,0.7416877605196044
1,0.6345484305098714
0,0.07747175291925092
0,0.06317727070594094
0,0.02559817150934722
1,0.25736811645126834
0,0.0304200189293574
0,0.04213511350754597
0,0.03504156747804101
0,0.3737640974931758
1,0.9029875195511171
1,0.9212916960211105
0,0.03416126077895488
1,0.36513796609221016
0,0.08724479785514522
0,0.37218992453238375
1,0.8142194379450443
0,0.08252866615662084
0,0.07305464330351691
1,0.396551033494921
0,0.28731523796753966
1,0.9192212363822811
0,0.02070043496542979
1,0.9243949524640336
0,0.03686465230289847
1,0.9243949524640336
1,0.7886190531937433
1,0.9204011162487084
0,0.061044294561739695
1,0.3168327918700922
0,0.02070043496542979
1,0.9294618282961263
1,0.7469444400586512
1,0.7855059573581551
1,0.6753015311593109
0,0.29054639374353813
1,0.9271524810053423
1,0.5402601506778202
0,0.04697035176744036
0,0.04901209490750406
0,0.2523801595802634
0,0.32406799171666084
0,0.15265686248723784
0,0.02201859118047154
0,0.024241030943911137
1,0.9156334591989983
1,0.6933161259176559
0,0.7519446938270054
0,0.03005464918444587
0,0.02295062340243649
0,0.02110168936719389
0,0.0815448357115073
0,0.3040644240865408
1,0.7161110483363108
1,0.6248994803369119
0,0.4312981270645999
1,0.5577431651871877
1,0.31775975732192385
0,0.6666412678355935
0,0.029486620108986356
1,0.9096852694254894
1,0.8005173034137819
1,0.0503040689020165
1,0.37076983247350437
0,0.0410401324510232
0,0.9200083292369484
0,0.02939470603796042
1,0.6781883641020839
0,0.02070043496542979
1,0.6950283580222403
0,0.07416501461908931
0,0.030425222194913493
0,0.09855699500900986
0,0.5837650693227222
1,0.17942610536025505
1,0.6201370912507576
0,0.054249475153059605
1,0.639222102995457
1,0.5672043868275136
1,0.7240686463494959
1,0.9117140750686795
0,0.024241030943911137
0,0.02723379746533663
0,0.0259294597261087
0,0.2766279787695029
0,0.02201859118047154
0,0.17203138853991812
1,0.8814215778167085
1,0.9243949524640336
1,0.8923880132560356
1,0.9234741148582366
1,0.5427638267283841
0,0.030425222194913493
0,0.6546362666456884
1,0.7254300474070831
1,0.8440525899646051
0,0.14524948439579993
0,0.029272494495766976
0,0.02295062340243649
0,0.523364559877436
0,0.08895601793532323
1,0.8642268825366706
0,0.03086720938030267
1,0.4868449260546289
1,0.7172300724553735
1,0.7036078594688557
1,0.6952531592925687
1,0.8642710203659918
0,0.45309360772812995
0,0.29234050483344526
1,0.9222055916847235
0,0.024241030943911137
0,0.5867844873111936
0,0.0196757113886172
0,0.024241030943911137
0,0.07855787464727662
0,0.04208369663327896
1,0.8828464100261222
0,0.020083463883810104
1,0.5398875709286304
0,0.02070043496542979
1,0.9196464139815476
1,0.4398894993947215
0,0.05429096248051297
1,0.5794505362247789
0,0.06994268827014932
1,0.9146900892464083
1,0.661312609077307
1,0.9246531051826181
0,0.024128321393962735
0,0.030304919983921902
0,0.0323340709932211
0,0.07455160257277349
1,0.9216876288239157
0,0.11464268580925494
1,0.9311358116939179
1,0.6824063814226636
0,0.46798774943909305
0,0.22455439110211434
0,0.11555207729238483
1,0.5826324015641684
1,0.5573360593065543
0,0.02070043496542979
1,0.8780968534967394
0,0.054829937606514875
0,0.10853283088647958
0,0.23928831880209622
1,0.23028987027350156
1,0.43197299425046204
1,0.8448569078078083
0,0.14355305585679975
1,0.8166181859074377
1,0.8673339277367365
0,0.1871127043469381
0,0.13498525987142793
0,0.021487901066740128
1,0.9162748441816309
1,0.9008015986773804
0,0.09235635661912873
0,0.02070043496542979
0,0.13552188293348738
1,0.5105360776353005
0,0.463197805240933
1,0.6842753603253454
0,0.05130420158475805
0,0.03391474793116865
1,0.6829891450890939
0,0.10668993695498116
0,0.024084818872704288
0,0.02201859118047154
0,0.5816099269079771
0,0.6239245215332849
0,0.7178450897892851
0,0.24810442420487594
0,0.10524087990643997
0,0.03971287448181075
0,0.01995123239674107
0,0.08302832857569428
0,0.262966683997453
0,0.021200391401002116
0,0.03400757044310393
1,0.9234604801223304
1,0.4958286289324644
0,0.02070043496542979
0,0.09706366102357673
0,0.2875449594716749
0,0.0448494279885368
0,0.02201859118047154
1,0.858114320835336
1,0.3081284614100439
1,0.8396820809652638
0,0.02494491624795455
1,0.11266230238229975
0,0.024577210021893014
1,0.8523523739566817
1,0.9224852689120194
1,0.8985120735865715
1,0.3841628788852298
1,0.8640594711412553
1,0.9122300513604701
0,0.26876043654022186
1,0.34373923175942234
0,0.04009534965001035
1,0.608055293414148
0,0.01995123239674107
1,0.8678793573978899
0,0.02686971372554695
0,0.5083904248394207
0,0.01995123239674107
0,0.10329291378671626
0,0.6399013392595752
0,0.3385439417025272
0,0.12482956131825164
0,0.03429040417011933
1,0.42693142189836103
0,0.3357884223493967
0,0.024382449327958005
0,0.024241030943911137
0,0.7559335141584697
0,0.042630391177116984
0,0.10772364626153429
0,0.028406462025700387
1,0.9267477096166625
0,0.5669751500866986
1,0.8847725350926361
1,0.806469283381789
0,0.02070043496542979
1,0.8677154367783096
0,0.5743216471219997
0,0.0196757113886172
1,0.40557635490225186
1,0.9243949524640336
0,0.6226396957281549
0,0.03400757044310393
0,0.24382034177736092
0,0.621292484117259
1,0.6871274676594974
0,0.038304724067061424
0,0.054432065897500506
1,0.732338810440054
0,0.21599621136086505
1,0.7020688064255565
0,0.02070043496542979
1,0.7980224954705211
1,0.5224027741491136
0,0.34812990799678406
1,0.4842269500020067
0,0.13414145014638443
0,0.042337500855256144
0,0.028406462025700387
0,0.31764000057470565
0,0.035953204062439056
0,0.08937283863590666
0,0.16504328768765855
1,0.7084358720852018
0,0.5260937855703455
0,0.05899872474088473
0,0.026528984175807204
1,0.5270241269522046
1,0.5212018421382726
1,0.9138046094160897
0,0.027085253325684212
0,0.8115985194651444
0,0.10895542999179118
0,0.12832450627447098
0,0.7784412910911782
1,0.34128788241378993
1,0.9243949524640336
0,0.7129820226262458
1,0.8543615945644003
0,0.0318613112762428
1,0.923019184314875
1,0.8852572846247451
1,0.9063639064009329
0,0.030337371155497214
0,0.025902599829477964
0,0.030425222194913493
0,0.44271988671256224
0,0.042999601095557484
0,0.025590013561896843
0,0.27901780267139786
1,0.647428711617297
1,0.9204259673624317
0,0.0744466881274963
0,0.056481116703009746
0,0.02294044791905426
0,0.2781688054695884
1,0.9143164438587865
0,0.02910736042098125
0,0.02494491624795455
0,0.05764246726249106
0,0.7356917275204743
0,0.02070043496542979
0,0.38258531360399683
0,0.04355079670794882
0,0.6257162181111922
1,0.3408598363741727
0,0.059259340540991357
0,0.02201859118047154
1,0.5843356284343596
0,0.024241030943911137
0,0.13498525987142793
0,0.7783833882938493
0,0.05498521818378863
0,0.27046841865286625
0,0.020407967713312748
0,0.024241030943911137
0,0.8336264368594328
0,0.1452191480192963
1,0.9070992452439667
0,0.02609885074096526
0,0.029256515193444847
1,0.7389052633166987
1,0.9301004944525504
1,0.9303639092210929
0,0.0196757113886172
0,0.020678345999210136
1,0.8679978119869313
0,0.923019184314875
0,0.024241030943911137
1,0.7911003571723666
1,0.5808046518090146
0,0.01995123239674107
0,0.045094441607024124
0,0.045213027571445845
0,0.026097303855487086
1,0.7608894365217408
0,0.022386580643607643
0,0.02070043496542979
0,0.08199553992751639
0,0.026146258233787932
0,0.4569322030831728
0,0.04743582140547072
0,0.29631102864707104
0,0.030425222194913493
0,0.04220860555053031
1,0.20258182327717048
1,0.9114349508450524
0,0.01995123239674107
0,0.49590383534023347
0,0.5639240300320194
1,0.9310502014214038
0,0.02791709577798101
1,0.8078989189292374
0,0.9271524810053423
1,0.7109633350399137
1,0.7306899210772337
0,0.1039693771918716
1,0.7048159713257169
0,0.02201859118047154
0,0.5451022740793521
0,0.10362043908644492
1,0.8394499406040398
0,0.040136347804889096
1,0.8457442335224634
0,0.0196757113886172
1,0.030363027614919963
0,0.02444631331913498
0,0.12102065841514185
0,0.138826443781174
1,0.5788455261549885
0,0.027441943291590564
0,0.23755989655885876
1,0.9177550967084495
1,0.34598360790301935
1,0.9075750273282062
1,0.7371614600873264
1,0.49126287871657376
1,0.9147605828613578
0,0.5568510917077286
0,0.5719990384991123
1,0.7482978262485489
1,0.4264786519942191
0,0.514149599153911
0,0.2619446458818521
0,0.04841068461767012
0,0.6296862217582996
0,0.02201859118047154
0,0.8669938860267363
0,0.16265330664224162
1,0.8616485497879462
1,0.9271524810053423
0,0.02572128288930305
0,0.3355570816331284
0,0.021200391401002116
0,0.0960126376008198
0,0.024241030943911137
1,0.8899600523026664
0,0.0992190093817989
1,0.6911075137507326
1,0.8393279136191217
0,0.01995123239674107
0,0.025630193491078722
1,0.7009904299954599
0,0.022657677512551745
1,0.6960826932004474
1,0.9243949524640336
0,0.027555906051796735
0,0.05785726047745999
0,0.5433072968177872
0,0.02423989173227116
1,0.6969464897472244
0,0.15206823497028146
0,0.09362781576175752
0,0.030425222194913493
0,0.032041198861480574
0,0.03228281570484352
1,0.6935868996533778
1,0.4225038304773813
1,0.7479708164902731
0,0.03788569166724364
0,0.02440141633602783
0,0.06479255839604521
1,0.9226965988299186
1,0.8254115546061107
0,0.4984180872358758
0,0.3105147585567316
1,0.7668455921332479
0,0.027078423454739146
0,0.3447253091940144
0,0.024241030943911137
0,0.6920636847652231
0,0.1261410128633534
0,0.040952458187142673
0,0.31847112758000523
1,0.7115782471562135
0,0.08058195270310804
0,0.10942344523447589
1,0.908886286209049
0,0.8927523065525472
1,0.5169211708661379
0,0.23942115894956756
1,0.9243949524640336
0,0.043301136325782
0,0.02070043496542979
1,0.8629915350541708
0,0.023215334958976586
0,0.0196757113886172
0,0.07351807571431677
1,0.8917199350237194
0,0.5336825731796543
0,0.43534242404553375
0,0.36500689113550183
0,0.02668449710160759
0,0.026858507030359045
0,0.0358172753084253
0,0.7297556253777199
1,0.9078736829144493
1,0.43617944014775056
0,0.09268288806585043
1,0.9243949524640336
0,0.5475531431699296
0,0.18355648082968545
0,0.9069804131419327
0,0.0196757113886172
1,0.8157665224283337
0,0.8930242267352374
0,0.17997435286317834
0,0.046450861676449746
0,0.7011186238062437
0,0.028504210660630185
1,0.7798294995383045
0,0.089863725410488
0,0.09002009622341636
0,0.02070043496542979
1,0.9263421085623355
0,0.2853888336138291
1,0.8007868270388707
0,0.07048018841070046
0,0.7067447718638543
1,0.7054989691078377
0,0.32219647712747473
0,0.21262638586415697
0,0.03438953784786593
0,0.5341648924395674
1,0.4386100127151569
0,0.5963282598885224
1,0.9014880825275386
0,0.10628415672903375
1,0.9246531051826181
1,0.918912835981865
0,0.024241030943911137
1,0.7298190864504565
0,0.0451386823134208
0,0.02870400737543253
0,0.08434705522212728
0,0.054341732132110535
1,0.9156773584382658
0,0.3536849459655541
1,0.8232035524096686
1,0.5283864764208863
0,0.6904764097702025
0,0.1830551389036567
1,0.7766775949832475
0,0.05411515806346355
1,0.9243949524640336
1,0.3273051775636702
1,0.14260666100224303
1,0.9095678893721576
0,0.07973382972295318
1,0.8642268825366706
0,0.0196757113886172
0,0.08615035189179403
1,0.20475756705639783
0,0.03132518765287168
1,0.7357546617718488
0,0.6349700388127828
0,0.02201859118047154
0,0.09888983020189993
0,0.42523610792283617
0,0.12410882961177223
1,0.7254032328975952
0,0.07572056502037815
1,0.9243949524640336
0,0.11356780840630827
0,0.3708959435422113
1,0.8742087824614065
1,0.622982869644153
0,0.02070043496542979
1,0.8526697735756235
0,0.7585678333057874
1,0.9188320698423049
1,0.9040854712834484
0,0.10357347152298109
1,0.9302326376966046
1,0.9243949524640336
0,0.38929223516637845
1,0.9246531051826181
0,0.02070043496542979
1,0.8262010845706941
1,0.8568423466648314
0,0.1586179539610142
0,0.02559817150934722
0,0.3612000333589556
1,0.9082308492304383
0,0.7163147487195065
0,0.039082493372600564
0,0.024241030943911137
0,0.027130180400052845
1,0.853940991878015
1,0.9173394251125337
0,0.45764456831615297
0,0.07514708211722158
1,0.5294572610753547
1,0.18101646411201205
0,0.6343997894593579
0,0.3522378908553146
0,0.2971781279971504
1,0.7803683248955147
0,0.41711030729045956
1,0.7091862266755626
1,0.8757755290225434
0,0.25112443828133246
1,0.5707400214315423
0,0.16015006596789982
0,0.7888265719016692
0,0.027286600291544786
0,0.5263377934790077
0,0.07863276809282968
0,0.01995123239674107
0,0.10484394048982723
1,0.6816861507915105
0,0.4170776822750601
0,0.5034316204287506
0,0.09211639642461512
0,0.024241030943911137
0,0.10881635097933351
0,0.3001692552128156
1,0.8611702306418577
0,0.0344070141118033
1,0.9243949524640336
0,0.0786440360124577
1,0.9205249599670663
0,0.0981413155383791
1,0.9246531051826181
0,0.04210611055370865
0,0.14394993830297545
1,0.8248772337926108
0,0.23934700916582619
1,0.9001226492962184
0,0.024241030943911137
0,0.023224637276390264
0,0.02070043496542979
0,0.5802251466966593
0,0.020678345999210136
1,0.92468287662142
0,0.08287695234566925
0,0.13498525987142793
1,0.7094110772581929
0,0.024241030943911137
1,0.47941715807831853
0,0.22066139582410688
1,0.48247245621754953
0,0.08280093881282084
1,0.8609705105196355
0,0.8150895909004621
0,0.10927280205460187
0,0.8167000853614143
0,0.0900324359656989
0,0.24640003148412637
1,0.7396068650895685
1,0.7329503719932982
0,0.5433642976368775
0,0.6149977948245956
1,0.9095489892912291
1,0.04691108223557564
0,0.03523240466952182
0,0.0686811074702583
1,0.8677299218410985
0,0.02070043496542979
0,0.1965455197931006
0,0.4018956449797413
0,0.28526498210870915
0,0.039905565136213364
0,0.2926502798277898
1,0.7249793449791613
0,0.031038298109451985
1,0.9126259292486725
0,0.12122319024402695
0,0.02494491624795455
1,0.928558654298813
0,0.4211248821697094
0,0.673174053711423
0,0.5381499399322578
0,0.05161787002036205
0,0.024241030943911137
0,0.021755386708843843
0,0.7989359664252357
0,0.08580475849747757
0,0.7056093133737447
1,0.2107289835493585
1,0.03886549832426336
1,0.9117847773231105
0,0.02201859118047154
1,0.8943383067131276
0,0.44984545125656
1,0.6435100119161967
1,0.3160971921282193
1,0.9310502014214038
1,0.5046518209027268
0,0.024241030943911137
0,0.331262719379451
0,0.06589809954941978
0,0.035236339044647944
0,0.061861171902797656
0,0.45242644665357945
0,0.02559817150934722
0,0.04812544819469683
1,0.8938275602215893
0,0.01995123239674107
1,0.5060386086602492
0,0.057904353523604575
0,0.03658140284651358
0,0.02566585987329855
0,0.09765282958275817
0,0.01995123239674107
0,0.023155769092106614
0,0.19273172050858864
1,0.9295160522432415
1,0.5916579577039276
0,0.04148226488360383
0,0.1365717254730034
1,0.9196464139815476
0,0.024241030943911137
0,0.040103880010421165
0,0.056064597159324825
1,0.2317780964474364
0,0.02070043496542979
0,0.12169187461507791
1,0.8950468600708674
0,0.6712222164656618
1,0.7025014159283659
1,0.9243949524640336
0,0.08189808732906965
0,0.30402801038603444
0,0.023349788816330215
0,0.45576513347131425
0,0.7173333248865419
1,0.9302326376966046
1,0.923019184314875
0,0.056483734260804504
1,0.8365939253061815
0,0.16145228391544192
0,0.02201859118047154
1,0.208521747610015
0,0.7290678691349045
1,0.6014563291721319
0,0.023396784414785227
1,0.8168349859638436
1,0.895215356183942
1,0.7201670931302108
1,0.3750197435609871
0,0.7983484778958901
1,0.8672281264946726
1,0.9271524810053423
0,0.06423783486568821
0,0.02201859118047154
0,0.1489080025920947
1,0.2545357453566495
0,0.041809632182875076
0,0.24015175884217743
0,0.02070043496542979
0,0.05439699096328869
0,0.03333624681330492
0,0.07474217218665753
1,0.7618001405922095
0,0.0196757113886172
0,0.05937017560249681
0,0.024241030943911137
0,0.046063427332147015
1,0.9080387745139542
1,0.8994104645318884
1,0.9022851004023401
1,0.6173446062454987
0,0.05961361487366167
0,0.6049600141269084
0,0.03405753425814496
0,0.02201859118047154
0,0.03241662600555915
0,0.03813124925518408
1,0.9310502014214038
0,0.4759305015775988
0,0.19213618922802023
0,0.32516042926659783
1,0.2914557702202557
0,0.4159475210468911
1,0.9276898801922936
0,0.04732918470824702
0,0.09028634680169591
1,0.5905818857222656
0,0.43730847233663117
0,0.8098950167920164
1,0.810782096193589
0,0.11621875092846007
1,0.9136972107943029
1,0.7555872400696766
0,0.6548611215579807
1,0.827267063984337
0,0.6917115912859079
1,0.8179736444853771
1,0.9292386149103636
1,0.9143914116653258
0,0.02070043496542979
0,0.02201859118047154
0,0.04338109930054244
1,0.520211572308007
0,0.0347630301193
0,0.07780094408122269
0,0.26099126955552887
0,0.07482887066209275
0,0.0417815045361398
1,0.5031957932820527
1,0.5781876464906541
1,0.8874059915982183
0,0.30616258706299876
0,0.7846653006057385
0,0.18873299424908238
1,0.41002051320623234
0,0.024241030943911137
1,0.4422446621277648
1,0.5637267237624994
0,0.037461977891356094
1,0.6558049536706875
0,0.0576503383641818
1,0.7071304207354673
0,0.06125314562724608
0,0.07091623512586216
0,0.07930584516526502
1,0.564027510651307
0,0.0196757113886172
1,0.8791273048720993
1,0.7311246698556877
1,0.7475912213881343
0,0.0931494988971019
0,0.022486905521941165
1,0.8052394271672724
0,0.0417815045361398
1,0.9135909203144923
0,0.13498525987142793
0,0.10950864210506031
1,0.6794103033818193
1,0.9310502014214038
1,0.9229970838113842
0,0.022399710568672442
0,0.03619624890024754
0,0.02339983750411395
0,0.2052860090445984
1,0.8516664944353829
1,0.9161310371831565
0,0.38625393249428214
0,0.47543011838996835
0,0.024241030943911137
0,0.830453846839285
1,0.5281153861054775
1,0.9246531051826181
0,0.034892406409156085
0,0.14565156955695654
0,0.13086586352367396
1,0.7454082430053861
0,0.6989310103149471
0,0.06096359523962226
0,0.023928704328194904
0,0.5330269321915774
1,0.6745200907728717
0,0.3761461954888691
1,0.6658344023924151
0,0.2311693738188099
0,0.02870400737543253
0,0.41780904306466904
0,0.03018784211324268
0,0.0196757113886172
0,0.021200391401002116
1,0.6065134109978988
0,0.04905293632030348
0,0.3174243228940847
0,0.024241030943911137
1,0.9214085837850575
1,0.8804141151115671
0,0.01995123239674107
1,0.6024085864860123
0,0.02070043496542979
0,0.04748972712000844
0,0.11153029022584758
1,0.8871275046077964
1,0.9055822025700657
1,0.40157844246767266
1,0.21091904689712757
1,0.7219996415672205
0,0.036131041212001246
0,0.03639437122948764
1,0.7320550623198614
1,0.9177006625872524
0,0.067673196445674
0,0.02799147222625556
1,0.8970747057948888
1,0.9310502014214038
0,0.026350483375785
0,0.021487901066740128
1,0.9248564674869173
1,0.916806956709736
0,0.024241030943911137
1,0.8717119234503362
1,0.08241629788861096
0,0.02668449710160759
1,0.7790991291740932
1,0.8794617715066207
1,0.6698046426342061
0,0.02201859118047154
0,0.035136666114975366
1,0.9279009183760669
0,0.06733766983836972
0,0.03959541061338772
1,0.9285123867368642
0,0.480632975140616
1,0.6829829962807245
0,0.029279043077566097
1,0.6614624255711252
1,0.5036947546356166
1,0.9130874840945128
1,0.7270662738199944
0,0.6654576912880393
1,0.8913191749812478
0,0.024241030943911137
0,0.02070043496542979
1,0.2785191756604258
0,0.02700797243893102
1,0.8091316259190806
0,0.13498525987142793
1,0.41279293627156555
1,0.2532423569974329
0,0.3032098730957647
1,0.9148349868403345
1,0.9243949524640336
0,0.3032098730957647
1,0.02831586485692782
1,0.7057696096125422
0,0.022338182463413406
0,0.34532455823752434
0,0.03987350441334148
1,0.8113507527472894
0,0.01995123239674107
1,0.9144929836700757
1,0.7758846958736874
0,0.01995123239674107
0,0.021200391401002116
1,0.4371852287961466
1,0.8438751349094069
1,0.900374487018962
0,0.24657542331113877
1,0.6587911586983
0,0.7558453055169336
0,0.4457888500599833
0,0.8987965607759033
0,0.10772883671146238
0,0.02621196938758975
0,0.035364711008540016
0,0.05981521676126792
0,0.2829240807161833
0,0.05027321391629873
1,0.1240096808164809
1,0.9131080326328099
0,0.024241030943911137
0,0.023155769092106614
0,0.031832171665313595
1,0.2237231350269434
0,0.04513784567020374
0,0.03517095365575308
1,0.3489099694258115
1,0.7391590900369487
0,0.20983640723290944
1,0.9090423968692092
0,0.04209614118311152
0,0.6932725199979849
1,0.2932275777724482
1,0.8786637162007982
0,0.01995123239674107
0,0.1385923848309663
0,0.7765349744588852
1,0.8083606784972989
0,0.255592387947248
1,0.6160935889484549
0,0.03715103776631108
1,0.8809559288093891
0,0.14524948439579993
0,0.02412389801725429
0,0.020407967713312748
1,0.6264895121966254
0,0.02070043496542979
1,0.04647527447978184
0,0.02070043496542979
0,0.2701015268526231
0,0.10888414431542652
0,0.2442707348613038
1,0.5495704568200528
0,0.020711379794352582
1,0.8669155017086954
0,0.07946909965255419
0,0.42897742388560944
1,0.6077936778076231
0,0.01995123239674107
0,0.25094547585565147
0,0.023155769092106614
0,0.028629448174975435
1,0.9186122432482737
0,0.08276830894549315
0,0.025109106341279257
0,0.052135182290183955
1,0.9301004944525504
0,0.02951781741791625
0,0.13498525987142793
1,0.18246422190519207
0,0.204946225113524
0,0.03651189698201057
0,0.020711379794352582
0,0.03132512177616715
0,0.06336847773244232
0,0.04841068461767012
0,0.02070043496542979
0,0.10376598547987066
1,0.9234604801223304
1,0.9271524810053423
0,0.12727136873251543
0,0.15017867325186277
1,0.37834348005813584
0,0.11189739175755703
1,0.3057790266527694
0,0.04333329989877167
1,0.9243949524640336
1,0.7076702550143924
0,0.02070043496542979
1,0.8260433499020124
0,0.083021840133102
0,0.02070043496542979
0,0.576832906252911
1,0.5892988297689866
1,0.9182750412401444
1,0.9187671623045931
0,0.2768606135089434
1,0.7644712514006576
1,0.05542355773769604
1,0.8454457402248416
0,0.0196757113886172
0,0.1285525350516241
1,0.6145123755480619
0,0.01995123239674107
0,0.13119033087036194
0,0.7231075075817402
0,0.024241030943911137
0,0.02572128288930305
0,0.7118897751583704
1,0.8282923433117628
0,0.11098246446022385
0,0.0196757113886172
0,0.025108907032067033
0,0.31442234040130673
1,0.8880389815408111
0,0.13498525987142793
1,0.6982650352977909
0,0.03056535071065722
0,0.13498525987142793
0,0.01995123239674107
0,0.04004237402239038
0,0.021168549852972944
1,0.3902912068774427
1,0.8072833406566198
1,0.8919444090096686
1,0.8497413360478782
1,0.7690220325684302
1,0.9311358116939179
1,0.7381361467866892
1,0.9292386149103636
0,0.029569480448943367
0,0.030425222194913493
1,0.27060981925300054
1,0.4889634439346745
0,0.9088373255922385
0,0.7238789919811985
1,0.8296793588745487
0,0.5336800404769868
1,0.8917119879980714
0,0.024238590083422478
1,0.6932833023182514
0,0.0276862941476657
1,0.9133644799292058
0,0.8974457099138885
0,0.4371890370000713
1,0.508498509216616
1,0.9246531051826181
0,0.05386861333473829
1,0.7095366992788449
0,0.07299828492060115
0,0.05656595777165522
0,0.35336307073298917
1,0.9187847291599901
1,0.9212916960211105
1,0.9049598648553377
0,0.09675343418241451
0,0.4026289229283374
0,0.023506636720854134
1,0.4625400651751746
0,0.6136099505984657
1,0.8221208971582653
0,0.030061000985804734
1,0.9191457384853255
0,0.02572128288930305
0,0.0196757113886172
0,0.029239056040377583
1,0.7064357040939199
1,0.9156829446717497
0,0.01995123239674107
0,0.6309501253680014
1,0.8717919582161368
0,0.124291305497788
1,0.9311358116939179
0,0.10652848481466941
0,0.02070043496542979
1,0.6627262819140539
1,0.6902952263764557
0,0.10907770095828964
0,0.057461855000586155
0,0.4614410856921511
0,0.737934331849164
1,0.9106616642864226
0,0.04292958197452979
0,0.21087242155692656
0,0.08304555020263729
1,0.7049040692883006
0,0.024241030943911137
0,0.02070043496542979
0,0.025109106341279257
1,0.7124981684510742
1,0.0196757113886172
1,0.0196757113886172
0,0.02423989173227116
0,0.06554692340524744
0,0.035236339044647944
0,0.06951554537451629
1,0.9292386149103636
0,0.24892271465451668
1,0.8842771046082064
1,0.8935724625979959
0,0.2359727402646719
0,0.03784093388336155
0,0.037122091792954434
1,0.7950208906078621
0,0.02070043496542979
0,0.27286286421170786
0,0.01995123239674107
0,0.024241030943911137
1,0.6347280129583486
1,0.6840357879808805
1,0.7611907716038365
0,0.02201859118047154
1,0.49678492088998405
0,0.025592088649664217
0,0.0196757113886172
1,0.4449926599042926
1,0.9201939937619686
0,0.0196757113886172
0,0.16745514785384377
0,0.3817971938746296
0,0.01995123239674107
0,0.04297728966500805
0,0.11521662733155519
1,0.7116979382152246
0,0.03504360691111669
1,0.44971488390004477
0,0.033447084583042394
1,0.8910376946438544
1,0.9114862119098489
0,0.5314416375572864
0,0.13498525987142793
1,0.834134477784187
1,0.6833051222309593
0,0.06945498733835465
0,0.5758115874405713
0,0.5263572142031256
1,0.7139158754081361
0,0.1253571184803225
0,0.01995123239674107
1,0.643753007771125
1,0.8925926542360624
0,0.0870374604160719
1,0.8840892830207708
1,0.19479054330295031
0,0.043092961099893516
1,0.31777135090385056
0,0.03252548550270826
1,0.7216428734643087
0,0.057738498629100465
0,0.10533813026369342
0,0.024241030943911137
1,0.6528498461196485
0,0.036560605138418516
1,0.880842430756883
0,0.02070043496542979
1,0.9269322273631413
1,0.39465411821570134
1,0.6940591622516016
0,0.7162637338544169
1,0.5835855241556198
0,0.6883187551987641
0,0.8175692765243311
1,0.586466565645012
0,0.02343062060182611
1,0.8026456909599925
0,0.23927690542309782
0,0.10029022438571646
0,0.06733685766203952
0,0.5974522874865897
0,0.047186745083247904
0,0.0237592413425364
1,0.9273095057668056
1,0.6169650634283572
0,0.8446249249022715
0,0.3579019597330709
0,0.05612889518937908
0,0.07729764820554133
0,0.7370383757333241
1,0.5584906465916818
1,0.731923700217907
0,0.13498525987142793
0,0.08489523654809773
0,0.18398724781704234
0,0.13628207232554243
0,0.02201859118047154
1,0.518906318913299
1,0.8835244670099238
1,0.8912565964747345
0,0.32459293461767813
1,0.9301004944525504
1,0.9248746260489469
0,0.8127272891988117
1,0.7165725935090834
0,0.18099231159209037
1,0.65440496114324
0,0.30125228969906365
1,0.6994522041641008
1,0.9035182991955765
1,0.6539873377790199
0,0.02294044791905426
0,0.022871502255982373
0,0.02070043496542979
0,0.4754152341585449
0,0.5751395437907919
0,0.027943559887628346
1,0.041437331894163786
0,0.2578766009039278
0,0.024241030943911137
0,0.7076496384812992
0,0.5688507949878475
0,0.07897051990043087
1,0.6903034165170184
0,0.318426674176463
0,0.2886600569403418
1,0.8591724658863658
0,0.02070043496542979
0,0.13600194629188078
1,0.5265621837239374
0,0.3237226349686464
0,0.03589423515589109
0,0.02461313715643005
0,0.05757922227611422
1,0.6398298845049736
0,0.3141375973662724
0,0.048933152434841955
1,0.5072636822053694
0,0.01995123239674107
0,0.024241030943911137
0,0.29206880574233557
1,0.8785755540940838
1,0.8090478164064487
0,0.030209977921608216
1,0.9301004944525504
0,0.0792551351062205
0,0.8361115666576131
0,0.03568566131957067
1,0.8853570085642949
1,0.5251471411503953
1,0.9301004944525504
0,0.13257501597801352
0,0.01995123239674107
0,0.03391904043392424
0,0.02070043496542979
0,0.6039677616339022
1,0.4696596421197756
1,0.8313836528759393
0,0.04159708002626694
1,0.8828614600815763
1,0.12991176990309933
1,0.30974208099717626
0,0.0952777692546147
0,0.6400889117314554
0,0.02070043496542979
0,0.7148921948152407
1,0.7347227505517585
0,0.7655883995787909
0,0.02458504971850732
1,0.8848274252738288
1,0.9310502014214038
1,0.5840313358202184
0,0.01995123239674107
0,0.01995123239674107
1,0.858021379293573
0,0.10410117768029133
0,0.8800572042058092
1,0.559171798620989
0,0.11440794288574903
0,0.6972420543487985
0,0.07351807571431677
0,0.03151728001176782
1,0.9126921728415962
0,0.03764188300746472
0,0.9096852694254894
0,0.2156584940018123
1,0.24079914205369332
0,0.01995123239674107
0,0.05522025669714967
1,0.29585437469274734
0,0.02070043496542979
0,0.054653395576131136
1,0.8851226622670312
1,0.7235112505876223
0,0.8382777601499788
1,0.11889967362006382
0,0.02201859118047154
1,0.9115458186872252
0,0.5655822118093948
0,0.04971881392295497
0,0.5019236637974693
1,0.9220958795219442
1,0.6061581453364967
0,0.03132518765287168
0,0.026864092122529968
0,0.02572128288930305
1,0.6139072812963179
0,0.025715028979778475
0,0.0669398010029479
0,0.06590767278536809
0,0.02572128288930305
1,0.9301004944525504
1,0.12286206004662452
0,0.0196757113886172
0,0.6759175121036665
0,0.5746894211062757
0,0.5146265326905097
0,0.02070043496542979
1,0.9246531051826181
1,0.7837286234485573
1,0.1470655344774237
0,0.0668927633286658
0,0.01995123239674107
0,0.03228281570484352
1,0.6378992383601512
1,0.7105635387339918
0,0.38041128021249027
1,0.6765421054363241
1,0.029012888065723816
1,0.9229394335114998
0,0.10985841581425453
0,0.45312263006854636
0,0.767958761917281
1,0.9291617355591881
0,0.13498525987142793
0,0.11619044272191739
0,0.06630469817400315
1,0.9020337618837578
1,0.5419106655884374
1,0.07705256369740378
0,0.7093112501237298
0,0.6141186203124368
0,0.04218926940750371
0,0.3614808032762706
0,0.13498525987142793
1,0.9192212363822811
1,0.49768332857658365
0,0.03163865121829575
0,0.023249468025653995
0,0.03504156747804101
0,0.02070043496542979
0,0.3037163813728705
1,0.6462752376301426
0,0.023277195040577087
0,0.06233423042722917
1,0.021939464213823742
0,0.06497137867727096
0,0.4022480979247552
1,0.2720415989287304
1,0.1159855466655545
0,0.04257412778009643
1,0.6193224322388381
0,0.07263740901449396
1,0.5653225575003993
1,0.7826917016084013
1,0.6045654227638944
1,0.899393816877436
0,0.024241030943911137
1,0.27095006383971365
1,0.8932121704581009
0,0.5262416687475583
0,0.02201859118047154
0,0.037997697618407024
0,0.02294044791905426
1,0.7542495841598521
0,0.02201859118047154
0,0.028406462025700387
1,0.6257424244699741
0,0.513160849867031
0,0.13612243778306302
0,0.07112171973981313
1,0.9208548092033813
0,0.4230693205204131
1,0.8004024082972979
1,0.9173910301093843
1,0.8809639524330833
0,0.8475931871806329
0,0.02201859118047154
1,0.9096852694254894
0,0.02070043496542979
0,0.9075281399884731
1,0.2550647883626413
1,0.3295720454406801
0,0.025911299330186564
0,0.20661717656504333
0,0.22717619468978653
0,0.14461088173941575
0,0.02201859118047154
1,0.46129083687377165
0,0.08285899496957545
1,0.6577409070361119
0,0.02045796866475313
1,0.6655976975513388
1,0.9227025694779643
1,0.6511999357737338
1,0.6772903154974279
1,0.8161083302475515
1,0.8947434765176396
0,0.03175306954504665
0,0.05879498350029768
0,0.01995123239674107
0,0.07948348882534637
0,0.041608669102541636
0,0.03504156747804101
1,0.4782595977572194
1,0.9200083292369484
1,0.8834601616837013
0,0.26363842911459495
1,0.03416415632086547
1,0.24927801774486613
1,0.886141633157927
0,0.2908501156525753
0,0.02938783724890857
0,0.051820884078563036
1,0.9292386149103636
0,0.10618742957812123
1,0.5367233765752016
0,0.02324209555942613
0,0.02070043496542979
0,0.11629869741461463
0,0.02756931185839894
1,0.449273461089213
1,0.30567592118177545
0,0.0507472479682718
0,0.038480587650916435
0,0.020051860834337805
1,0.8933348363026747
1,0.8325773793121295
0,0.023155769092106614
0,0.08642352594164247
0,0.07059433251960384
1,0.9240309096905823
0,0.12200786014972755
0,0.415928016510457
1,0.9219387668820008
0,0.12536342139390894
0,0.06015972698924617
0,0.01995123239674107
1,0.6445173099797988
1,0.7963238976864321
0,0.0667915240538033
1,0.893711250531486
0,0.0347630301193
1,0.689497663825442
0,0.9091134024610276
0,0.025109106341279257
0,0.0844183408480479
1,0.9172707051943422
1,0.8124369726722657
0,0.04891007067976197
1,0.6279400662658189
1,0.02613815077235085
0,0.16957860509427783
0,0.0196757113886172
0,0.06227366818070933
0,0.020678345999210136
1,0.5927283208638044
0,0.024241030943911137
1,0.5653254566958592
0,0.032840223916702556
1,0.9271524810053423
0,0.06824827238609088
0,0.024241030943911137
0,0.02070043496542979
0,0.030425222194913493
1,0.7763838022699793
0,0.021459188447913075
0,0.7460353344903752
0,0.03299990075410307
0,0.6040442046124231
0,0.024241030943911137
0,0.5162044188196191
1,0.5419857687892546
0,0.46093994564081325
0,0.01995123239674107
0,0.5224496035284713
0,0.31921347870822125
0,0.023349788816330215
0,0.034214213626494794
0,0.06173109876259082
0,0.02201859118047154
1,0.9258332594386414
0,0.02201859118047154
1,0.9011302698095205
0,0.022386580643607643
1,0.5512874599618414
0,0.24254212492308036
0,0.276464455221818
0,0.02201859118047154
0,0.024241030943911137
0,0.024241030943911137
0,0.02070043496542979
0,0.030543769503146384
0,0.02647549641161138
0,0.7199020676510084
1,0.7268045069738321
1,0.33364271025967723
0,0.021726272245199508
1,0.8099011334894424
0,0.02170789220754165
0,0.05230233236253255
0,0.7859349344307511
1,0.4307747587579444
1,0.7436661122956397
1,0.4175538399895674
1,0.9045405449939663
0,0.021619996557213906
0,0.02201859118047154
0,0.29688057831940756
0,0.519330372700172
0,0.026320507376137225
0,0.030437099861161353
0,0.33371350144358136
0,0.03218631654970385
1,0.9180850718451513
0,0.24724962178429855
1,0.1429191107128825
0,0.5064646577602708
1,0.8914884028960631
1,0.877052737574666
0,0.2229862968719982
0,0.9200677539297917
0,0.5522599811476647
1,0.8647884120784027
0,0.2991939070423925
1,0.9112180548836668
0,0.01995123239674107
0,0.0196757113886172
1,0.8979420599486581
1,0.636726623152892
0,0.1237944937894648
1,0.0431161223821853
0,0.13758395916684849
0,0.01995123239674107
0,0.25644295200867123
0,0.7663776031080208
1,0.9005329538320312
1,0.9311358116939179
0,0.039798030503367256
0,0.14524948439579993
1,0.3663659104232731
0,0.3987686467330732
1,0.9133644799292058
0,0.02070043496542979
0,0.04377896299669628
0,0.5378450799251097
0,0.0740344139381088
0,0.23915153994559293
0,0.02070043496542979
0,0.01995123239674107
1,0.9209252041635514
0,0.05883012432672612
0,0.7399904349692633
0,0.02444631331913498
0,0.8529334777878761
0,0.06022624744343104
1,0.6088608524122948
0,0.4932342034342251
0,0.02201859118047154
0,0.04242254232239256
1,0.24064476302309895
0,0.09568324170065479
1,0.9243949524640336
0,0.0196757113886172
0,0.11795542872831735
1,0.4219465433286712
0,0.02876685223693671
0,0.02918297779307938
0,0.05671745714540854
0,0.02303052461038856
0,0.1264632237973214
0,0.09289637807117343
1,0.6602673219193071
1,0.4560933401588657
0,0.03088331058353589
1,0.7584040879295029
1,0.8806216422085269
1,0.3148256532854131
1,0.7459278510663243
1,0.19333105437851594
1,0.9062435679366435
0,0.5440228294824647
1,0.780637706327571
1,0.9238793689671173
0,0.10558668910762635
0,0.2094408638464068
0,0.024241030943911137
1,0.13763687677194966
1,0.9271524810053423
1,0.08962139904149942
0,0.024241030943911137
0,0.037436788086879724
0,0.01995123239674107
0,0.033740176325853445
0,0.13498525987142793
1,0.9310502014214038
0,0.9246531051826181
0,0.15390936256139093
0,0.027929708722802163
0,0.3835202844201413
0,0.0367366977320105
0,0.07229659177824636
0,0.24132306301121664
0,0.02201859118047154
0,0.029844935707479765
0,0.03753578500714194
0,0.024241030943911137
0,0.5782606016468302
1,0.8674270752965687
0,0.02609661955370156
1,0.8725099694512632
0,0.13665841047034658
0,0.08880142230493474
0,0.14524948439579993
1,0.9301004944525504
0,0.0196757113886172
1,0.6773639685667295
